city,model,datetime,temperature,rainfall,wind_speed
Delhi,ecmwf_ifs04,2026-09-22T16:00,24.2,0.0,16.0
Delhi,ecmwf_ifs04,2026-09-22T17:00,23.7,0.0,15.5
Delhi,ecmwf_ifs04,2026-09-22T18:00,23.5,0.0,14.0
Delhi,ecmwf_ifs04,2026-09-22T19:00,23.7,0.0,12.0
Delhi,ecmwf_ifs04,2026-09-22T20:00,24.2,0.0,10.0
Delhi,ecmwf_ifs04,2026-09-22T21:00,25.1,0.1,8.5
Delhi,ecmwf_ifs04,2026-09-22T22:00,26.2,0.5,8.0
Delhi,ecmwf_ifs04,2026-09-22T23:00,27.6,0.8,8.5
Delhi,ecmwf_ifs04,2026-09-23T00:00,29.0,0.9,10.0
Delhi,ecmwf_ifs04,2026-09-23T01:00,30.4,1.0,12.0
Delhi,ecmwf_ifs04,2026-09-23T02:00,31.7,0.9,14.0
Delhi,ecmwf_ifs04,2026-09-23T03:00,32.9,0.8,15.5
Delhi,ecmwf_ifs04,2026-09-23T04:00,33.7,0.5,16.0
Delhi,ecmwf_ifs04,2026-09-23T05:00,34.3,0.1,15.5
Delhi,ecmwf_ifs04,2026-09-23T06:00,34.5,0.0,14.0
Delhi,ecmwf_ifs04,2026-09-23T07:00,34.3,0.0,12.0
Delhi,ecmwf_ifs04,2026-09-23T08:00,33.7,0.0,10.0
Delhi,ecmwf_ifs04,2026-09-23T09:00,32.9,0.0,8.5
Delhi,ecmwf_ifs04,2026-09-23T10:00,31.7,0.0,8.0
Delhi,ecmwf_ifs04,2026-09-23T11:00,30.4,0.0,8.5
Delhi,ecmwf_ifs04,2026-09-23T12:00,29.0,0.0,10.0
Delhi,ecmwf_ifs04,2026-09-23T13:00,27.6,0.0,12.0
Delhi,ecmwf_ifs04,2026-09-23T14:00,26.2,0.0,14.0
Delhi,ecmwf_ifs04,2026-09-23T15:00,25.1,0.0,15.5
Delhi,ecmwf_ifs04,2026-09-23T16:00,24.2,0.0,16.0
Delhi,ecmwf_ifs04,2026-09-23T17:00,23.7,0.0,15.5
Delhi,ecmwf_ifs04,2026-09-23T18:00,23.5,0.0,14.0
Delhi,ecmwf_ifs04,2026-09-23T19:00,23.7,0.0,12.0
Delhi,ecmwf_ifs04,2026-09-23T20:00,24.2,0.0,10.0
Delhi,ecmwf_ifs04,2026-09-23T21:00,25.1,0.0,8.5
Delhi,ecmwf_ifs04,2026-09-23T22:00,26.2,0.0,8.0
Delhi,ecmwf_ifs04,2026-09-23T23:00,27.6,0.0,8.5
Delhi,ecmwf_ifs04,2026-09-24T00:00,29.0,0.0,10.0
Delhi,ecmwf_ifs04,2026-09-24T01:00,30.4,0.0,12.0
Delhi,ecmwf_ifs04,2026-09-24T02:00,31.7,0.0,14.0
Delhi,ecmwf_ifs04,2026-09-24T03:00,32.9,0.0,15.5
Delhi,ecmwf_ifs04,2026-09-24T04:00,33.7,0.0,16.0
Delhi,ecmwf_ifs04,2026-09-24T05:00,34.3,0.0,15.5
Delhi,ecmwf_ifs04,2026-09-24T06:00,34.5,0.0,14.0
Delhi,ecmwf_ifs04,2026-09-24T07:00,34.3,0.0,12.0
Delhi,ecmwf_ifs04,2026-09-24T08:00,33.7,0.0,10.0
Delhi,ecmwf_ifs04,2026-09-24T09:00,32.9,0.1,8.5
Delhi,ecmwf_ifs04,2026-09-24T10:00,31.7,0.5,8.0
Delhi,ecmwf_ifs04,2026-09-24T11:00,30.4,0.8,8.5
Delhi,ecmwf_ifs04,2026-09-24T12:00,29.0,0.9,10.0
Delhi,ecmwf_ifs04,2026-09-24T13:00,27.6,1.0,12.0
Delhi,ecmwf_ifs04,2026-09-24T14:00,26.2,0.9,14.0
Delhi,ecmwf_ifs04,2026-09-24T15:00,25.1,0.8,15.5
Delhi,ecmwf_ifs04,2026-09-24T16:00,24.2,0.5,16.0
Delhi,ecmwf_ifs04,2026-09-24T17:00,23.7,0.1,15.5
Delhi,ecmwf_ifs04,2026-09-24T18:00,23.5,0.0,14.0
Delhi,ecmwf_ifs04,2026-09-24T19:00,23.7,0.0,12.0
Delhi,ecmwf_ifs04,2026-09-24T20:00,24.2,0.0,10.0
Delhi,ecmwf_ifs04,2026-09-24T21:00,25.1,0.0,8.5
Delhi,ecmwf_ifs04,2026-09-24T22:00,26.2,0.0,8.0
Delhi,ecmwf_ifs04,2026-09-24T23:00,27.6,0.0,8.5
Delhi,ecmwf_ifs04,2026-09-25T00:00,29.0,0.0,10.0
Delhi,ecmwf_ifs04,2026-09-25T01:00,30.4,0.0,12.0
Delhi,ecmwf_ifs04,2026-09-25T02:00,31.7,0.0,14.0
Delhi,ecmwf_ifs04,2026-09-25T03:00,32.9,0.0,15.5
Delhi,ecmwf_ifs04,2026-09-25T04:00,33.7,0.0,16.0
Delhi,ecmwf_ifs04,2026-09-25T05:00,34.3,0.0,15.5
Delhi,ecmwf_ifs04,2026-09-25T06:00,34.5,0.0,14.0
Delhi,ecmwf_ifs04,2026-09-25T07:00,34.3,0.0,12.0
Delhi,ecmwf_ifs04,2026-09-25T08:00,33.7,0.0,10.0
Delhi,ecmwf_ifs04,2026-09-25T09:00,32.9,0.0,8.5
Delhi,ecmwf_ifs04,2026-09-25T10:00,31.7,0.0,8.0
Delhi,ecmwf_ifs04,2026-09-25T11:00,30.4,0.0,8.5
Delhi,ecmwf_ifs04,2026-09-25T12:00,29.0,0.0,10.0
Delhi,ecmwf_ifs04,2026-09-25T13:00,27.6,0.0,12.0
Delhi,ecmwf_ifs04,2026-09-25T14:00,26.2,0.0,14.0
Delhi,ecmwf_ifs04,2026-09-25T15:00,25.1,0.0,15.5
Delhi,gfs_seamless,2026-09-22T16:00,24.7,0.0,16.2
Delhi,gfs_seamless,2026-09-22T17:00,24.2,0.0,15.7
Delhi,gfs_seamless,2026-09-22T18:00,24.0,0.0,14.2
Delhi,gfs_seamless,2026-09-22T19:00,24.2,0.0,12.2
Delhi,gfs_seamless,2026-09-22T20:00,24.7,0.0,10.2
Delhi,gfs_seamless,2026-09-22T21:00,25.6,0.1,8.7
Delhi,gfs_seamless,2026-09-22T22:00,26.7,0.5,8.2
Delhi,gfs_seamless,2026-09-22T23:00,28.1,0.8,8.7
Delhi,gfs_seamless,2026-09-23T00:00,29.5,0.9,10.2
Delhi,gfs_seamless,2026-09-23T01:00,30.9,1.0,12.2
Delhi,gfs_seamless,2026-09-23T02:00,32.2,0.9,14.2
Delhi,gfs_seamless,2026-09-23T03:00,33.4,0.8,15.7
Delhi,gfs_seamless,2026-09-23T04:00,34.2,0.5,16.2
Delhi,gfs_seamless,2026-09-23T05:00,34.8,0.1,15.7
Delhi,gfs_seamless,2026-09-23T06:00,35.0,0.0,14.2
Delhi,gfs_seamless,2026-09-23T07:00,34.8,0.0,12.2
Delhi,gfs_seamless,2026-09-23T08:00,34.2,0.0,10.2
Delhi,gfs_seamless,2026-09-23T09:00,33.4,0.0,8.7
Delhi,gfs_seamless,2026-09-23T10:00,32.2,0.0,8.2
Delhi,gfs_seamless,2026-09-23T11:00,30.9,0.0,8.7
Delhi,gfs_seamless,2026-09-23T12:00,29.5,0.0,10.2
Delhi,gfs_seamless,2026-09-23T13:00,28.1,0.0,12.2
Delhi,gfs_seamless,2026-09-23T14:00,26.7,0.0,14.2
Delhi,gfs_seamless,2026-09-23T15:00,25.6,0.0,15.7
Delhi,gfs_seamless,2026-09-23T16:00,24.7,0.0,16.2
Delhi,gfs_seamless,2026-09-23T17:00,24.2,0.0,15.7
Delhi,gfs_seamless,2026-09-23T18:00,24.0,0.0,14.2
Delhi,gfs_seamless,2026-09-23T19:00,24.2,0.0,12.2
Delhi,gfs_seamless,2026-09-23T20:00,24.7,0.0,10.2
Delhi,gfs_seamless,2026-09-23T21:00,25.6,0.0,8.7
Delhi,gfs_seamless,2026-09-23T22:00,26.7,0.0,8.2
Delhi,gfs_seamless,2026-09-23T23:00,28.1,0.0,8.7
Delhi,gfs_seamless,2026-09-24T00:00,29.5,0.0,10.2
Delhi,gfs_seamless,2026-09-24T01:00,30.9,0.0,12.2
Delhi,gfs_seamless,2026-09-24T02:00,32.2,0.0,14.2
Delhi,gfs_seamless,2026-09-24T03:00,33.4,0.0,15.7
Delhi,gfs_seamless,2026-09-24T04:00,34.2,0.0,16.2
Delhi,gfs_seamless,2026-09-24T05:00,34.8,0.0,15.7
Delhi,gfs_seamless,2026-09-24T06:00,35.0,0.0,14.2
Delhi,gfs_seamless,2026-09-24T07:00,34.8,0.0,12.2
Delhi,gfs_seamless,2026-09-24T08:00,34.2,0.0,10.2
Delhi,gfs_seamless,2026-09-24T09:00,33.4,0.1,8.7
Delhi,gfs_seamless,2026-09-24T10:00,32.2,0.5,8.2
Delhi,gfs_seamless,2026-09-24T11:00,30.9,0.8,8.7
Delhi,gfs_seamless,2026-09-24T12:00,29.5,0.9,10.2
Delhi,gfs_seamless,2026-09-24T13:00,28.1,1.0,12.2
Delhi,gfs_seamless,2026-09-24T14:00,26.7,0.9,14.2
Delhi,gfs_seamless,2026-09-24T15:00,25.6,0.8,15.7
Delhi,gfs_seamless,2026-09-24T16:00,24.7,0.5,16.2
Delhi,gfs_seamless,2026-09-24T17:00,24.2,0.1,15.7
Delhi,gfs_seamless,2026-09-24T18:00,24.0,0.0,14.2
Delhi,gfs_seamless,2026-09-24T19:00,24.2,0.0,12.2
Delhi,gfs_seamless,2026-09-24T20:00,24.7,0.0,10.2
Delhi,gfs_seamless,2026-09-24T21:00,25.6,0.0,8.7
Delhi,gfs_seamless,2026-09-24T22:00,26.7,0.0,8.2
Delhi,gfs_seamless,2026-09-24T23:00,28.1,0.0,8.7
Delhi,gfs_seamless,2026-09-25T00:00,29.5,0.0,10.2
Delhi,gfs_seamless,2026-09-25T01:00,30.9,0.0,12.2
Delhi,gfs_seamless,2026-09-25T02:00,32.2,0.0,14.2
Delhi,gfs_seamless,2026-09-25T03:00,33.4,0.0,15.7
Delhi,gfs_seamless,2026-09-25T04:00,34.2,0.0,16.2
Delhi,gfs_seamless,2026-09-25T05:00,34.8,0.0,15.7
Delhi,gfs_seamless,2026-09-25T06:00,35.0,0.0,14.2
Delhi,gfs_seamless,2026-09-25T07:00,34.8,0.0,12.2
Delhi,gfs_seamless,2026-09-25T08:00,34.2,0.0,10.2
Delhi,gfs_seamless,2026-09-25T09:00,33.4,0.0,8.7
Delhi,gfs_seamless,2026-09-25T10:00,32.2,0.0,8.2
Delhi,gfs_seamless,2026-09-25T11:00,30.9,0.0,8.7
Delhi,gfs_seamless,2026-09-25T12:00,29.5,0.0,10.2
Delhi,gfs_seamless,2026-09-25T13:00,28.1,0.0,12.2
Delhi,gfs_seamless,2026-09-25T14:00,26.7,0.0,14.2
Delhi,gfs_seamless,2026-09-25T15:00,25.6,0.0,15.7
Delhi,icon_seamless,2026-09-22T16:00,23.9,0.0,15.9
Delhi,icon_seamless,2026-09-22T17:00,23.4,0.0,15.4
Delhi,icon_seamless,2026-09-22T18:00,23.2,0.0,13.9
Delhi,icon_seamless,2026-09-22T19:00,23.4,0.0,11.9
Delhi,icon_seamless,2026-09-22T20:00,23.9,0.0,9.9
Delhi,icon_seamless,2026-09-22T21:00,24.8,0.1,8.4
Delhi,icon_seamless,2026-09-22T22:00,25.9,0.5,7.9
Delhi,icon_seamless,2026-09-22T23:00,27.3,0.8,8.4
Delhi,icon_seamless,2026-09-23T00:00,28.7,0.9,9.9
Delhi,icon_seamless,2026-09-23T01:00,30.1,1.0,11.9
Delhi,icon_seamless,2026-09-23T02:00,31.4,0.9,13.9
Delhi,icon_seamless,2026-09-23T03:00,32.6,0.8,15.4
Delhi,icon_seamless,2026-09-23T04:00,33.4,0.5,15.9
Delhi,icon_seamless,2026-09-23T05:00,34.0,0.1,15.4
Delhi,icon_seamless,2026-09-23T06:00,34.2,0.0,13.9
Delhi,icon_seamless,2026-09-23T07:00,34.0,0.0,11.9
Delhi,icon_seamless,2026-09-23T08:00,33.4,0.0,9.9
Delhi,icon_seamless,2026-09-23T09:00,32.6,0.0,8.4
Delhi,icon_seamless,2026-09-23T10:00,31.4,0.0,7.9
Delhi,icon_seamless,2026-09-23T11:00,30.1,0.0,8.4
Delhi,icon_seamless,2026-09-23T12:00,28.7,0.0,9.9
Delhi,icon_seamless,2026-09-23T13:00,27.3,0.0,11.9
Delhi,icon_seamless,2026-09-23T14:00,25.9,0.0,13.9
Delhi,icon_seamless,2026-09-23T15:00,24.8,0.0,15.4
Delhi,icon_seamless,2026-09-23T16:00,23.9,0.0,15.9
Delhi,icon_seamless,2026-09-23T17:00,23.4,0.0,15.4
Delhi,icon_seamless,2026-09-23T18:00,23.2,0.0,13.9
Delhi,icon_seamless,2026-09-23T19:00,23.4,0.0,11.9
Delhi,icon_seamless,2026-09-23T20:00,23.9,0.0,9.9
Delhi,icon_seamless,2026-09-23T21:00,24.8,0.0,8.4
Delhi,icon_seamless,2026-09-23T22:00,25.9,0.0,7.9
Delhi,icon_seamless,2026-09-23T23:00,27.3,0.0,8.4
Delhi,icon_seamless,2026-09-24T00:00,28.7,0.0,9.9
Delhi,icon_seamless,2026-09-24T01:00,30.1,0.0,11.9
Delhi,icon_seamless,2026-09-24T02:00,31.4,0.0,13.9
Delhi,icon_seamless,2026-09-24T03:00,32.6,0.0,15.4
Delhi,icon_seamless,2026-09-24T04:00,33.4,0.0,15.9
Delhi,icon_seamless,2026-09-24T05:00,34.0,0.0,15.4
Delhi,icon_seamless,2026-09-24T06:00,34.2,0.0,13.9
Delhi,icon_seamless,2026-09-24T07:00,34.0,0.0,11.9
Delhi,icon_seamless,2026-09-24T08:00,33.4,0.0,9.9
Delhi,icon_seamless,2026-09-24T09:00,32.6,0.1,8.4
Delhi,icon_seamless,2026-09-24T10:00,31.4,0.5,7.9
Delhi,icon_seamless,2026-09-24T11:00,30.1,0.8,8.4
Delhi,icon_seamless,2026-09-24T12:00,28.7,0.9,9.9
Delhi,icon_seamless,2026-09-24T13:00,27.3,1.0,11.9
Delhi,icon_seamless,2026-09-24T14:00,25.9,0.9,13.9
Delhi,icon_seamless,2026-09-24T15:00,24.8,0.8,15.4
Delhi,icon_seamless,2026-09-24T16:00,23.9,0.5,15.9
Delhi,icon_seamless,2026-09-24T17:00,23.4,0.1,15.4
Delhi,icon_seamless,2026-09-24T18:00,23.2,0.0,13.9
Delhi,icon_seamless,2026-09-24T19:00,23.4,0.0,11.9
Delhi,icon_seamless,2026-09-24T20:00,23.9,0.0,9.9
Delhi,icon_seamless,2026-09-24T21:00,24.8,0.0,8.4
Delhi,icon_seamless,2026-09-24T22:00,25.9,0.0,7.9
Delhi,icon_seamless,2026-09-24T23:00,27.3,0.0,8.4
Delhi,icon_seamless,2026-09-25T00:00,28.7,0.0,9.9
Delhi,icon_seamless,2026-09-25T01:00,30.1,0.0,11.9
Delhi,icon_seamless,2026-09-25T02:00,31.4,0.0,13.9
Delhi,icon_seamless,2026-09-25T03:00,32.6,0.0,15.4
Delhi,icon_seamless,2026-09-25T04:00,33.4,0.0,15.9
Delhi,icon_seamless,2026-09-25T05:00,34.0,0.0,15.4
Delhi,icon_seamless,2026-09-25T06:00,34.2,0.0,13.9
Delhi,icon_seamless,2026-09-25T07:00,34.0,0.0,11.9
Delhi,icon_seamless,2026-09-25T08:00,33.4,0.0,9.9
Delhi,icon_seamless,2026-09-25T09:00,32.6,0.0,8.4
Delhi,icon_seamless,2026-09-25T10:00,31.4,0.0,7.9
Delhi,icon_seamless,2026-09-25T11:00,30.1,0.0,8.4
Delhi,icon_seamless,2026-09-25T12:00,28.7,0.0,9.9
Delhi,icon_seamless,2026-09-25T13:00,27.3,0.0,11.9
Delhi,icon_seamless,2026-09-25T14:00,25.9,0.0,13.9
Delhi,icon_seamless,2026-09-25T15:00,24.8,0.0,15.4
Delhi,gem_seamless,2026-09-22T16:00,24.4,0.0,16.4
Delhi,gem_seamless,2026-09-22T17:00,23.9,0.0,15.9
Delhi,gem_seamless,2026-09-22T18:00,23.7,0.0,14.4
Delhi,gem_seamless,2026-09-22T19:00,23.9,0.0,12.4
Delhi,gem_seamless,2026-09-22T20:00,24.4,0.0,10.4
Delhi,gem_seamless,2026-09-22T21:00,25.3,0.1,8.9
Delhi,gem_seamless,2026-09-22T22:00,26.4,0.5,8.4
Delhi,gem_seamless,2026-09-22T23:00,27.8,0.8,8.9
Delhi,gem_seamless,2026-09-23T00:00,29.2,0.9,10.4
Delhi,gem_seamless,2026-09-23T01:00,30.6,1.0,12.4
Delhi,gem_seamless,2026-09-23T02:00,31.9,0.9,14.4
Delhi,gem_seamless,2026-09-23T03:00,33.1,0.8,15.9
Delhi,gem_seamless,2026-09-23T04:00,33.9,0.5,16.4
Delhi,gem_seamless,2026-09-23T05:00,34.5,0.1,15.9
Delhi,gem_seamless,2026-09-23T06:00,34.7,0.0,14.4
Delhi,gem_seamless,2026-09-23T07:00,34.5,0.0,12.4
Delhi,gem_seamless,2026-09-23T08:00,33.9,0.0,10.4
Delhi,gem_seamless,2026-09-23T09:00,33.1,0.0,8.9
Delhi,gem_seamless,2026-09-23T10:00,31.9,0.0,8.4
Delhi,gem_seamless,2026-09-23T11:00,30.6,0.0,8.9
Delhi,gem_seamless,2026-09-23T12:00,29.2,0.0,10.4
Delhi,gem_seamless,2026-09-23T13:00,27.8,0.0,12.4
Delhi,gem_seamless,2026-09-23T14:00,26.4,0.0,14.4
Delhi,gem_seamless,2026-09-23T15:00,25.3,0.0,15.9
Delhi,gem_seamless,2026-09-23T16:00,24.4,0.0,16.4
Delhi,gem_seamless,2026-09-23T17:00,23.9,0.0,15.9
Delhi,gem_seamless,2026-09-23T18:00,23.7,0.0,14.4
Delhi,gem_seamless,2026-09-23T19:00,23.9,0.0,12.4
Delhi,gem_seamless,2026-09-23T20:00,24.4,0.0,10.4
Delhi,gem_seamless,2026-09-23T21:00,25.3,0.0,8.9
Delhi,gem_seamless,2026-09-23T22:00,26.4,0.0,8.4
Delhi,gem_seamless,2026-09-23T23:00,27.8,0.0,8.9
Delhi,gem_seamless,2026-09-24T00:00,29.2,0.0,10.4
Delhi,gem_seamless,2026-09-24T01:00,30.6,0.0,12.4
Delhi,gem_seamless,2026-09-24T02:00,31.9,0.0,14.4
Delhi,gem_seamless,2026-09-24T03:00,33.1,0.0,15.9
Delhi,gem_seamless,2026-09-24T04:00,33.9,0.0,16.4
Delhi,gem_seamless,2026-09-24T05:00,34.5,0.0,15.9
Delhi,gem_seamless,2026-09-24T06:00,34.7,0.0,14.4
Delhi,gem_seamless,2026-09-24T07:00,34.5,0.0,12.4
Delhi,gem_seamless,2026-09-24T08:00,33.9,0.0,10.4
Delhi,gem_seamless,2026-09-24T09:00,33.1,0.1,8.9
Delhi,gem_seamless,2026-09-24T10:00,31.9,0.5,8.4
Delhi,gem_seamless,2026-09-24T11:00,30.6,0.8,8.9
Delhi,gem_seamless,2026-09-24T12:00,29.2,0.9,10.4
Delhi,gem_seamless,2026-09-24T13:00,27.8,1.0,12.4
Delhi,gem_seamless,2026-09-24T14:00,26.4,0.9,14.4
Delhi,gem_seamless,2026-09-24T15:00,25.3,0.8,15.9
Delhi,gem_seamless,2026-09-24T16:00,24.4,0.5,16.4
Delhi,gem_seamless,2026-09-24T17:00,23.9,0.1,15.9
Delhi,gem_seamless,2026-09-24T18:00,23.7,0.0,14.4
Delhi,gem_seamless,2026-09-24T19:00,23.9,0.0,12.4
Delhi,gem_seamless,2026-09-24T20:00,24.4,0.0,10.4
Delhi,gem_seamless,2026-09-24T21:00,25.3,0.0,8.9
Delhi,gem_seamless,2026-09-24T22:00,26.4,0.0,8.4
Delhi,gem_seamless,2026-09-24T23:00,27.8,0.0,8.9
Delhi,gem_seamless,2026-09-25T00:00,29.2,0.0,10.4
Delhi,gem_seamless,2026-09-25T01:00,30.6,0.0,12.4
Delhi,gem_seamless,2026-09-25T02:00,31.9,0.0,14.4
Delhi,gem_seamless,2026-09-25T03:00,33.1,0.0,15.9
Delhi,gem_seamless,2026-09-25T04:00,33.9,0.0,16.4
Delhi,gem_seamless,2026-09-25T05:00,34.5,0.0,15.9
Delhi,gem_seamless,2026-09-25T06:00,34.7,0.0,14.4
Delhi,gem_seamless,2026-09-25T07:00,34.5,0.0,12.4
Delhi,gem_seamless,2026-09-25T08:00,33.9,0.0,10.4
Delhi,gem_seamless,2026-09-25T09:00,33.1,0.0,8.9
Delhi,gem_seamless,2026-09-25T10:00,31.9,0.0,8.4
Delhi,gem_seamless,2026-09-25T11:00,30.6,0.0,8.9
Delhi,gem_seamless,2026-09-25T12:00,29.2,0.0,10.4
Delhi,gem_seamless,2026-09-25T13:00,27.8,0.0,12.4
Delhi,gem_seamless,2026-09-25T14:00,26.4,0.0,14.4
Delhi,gem_seamless,2026-09-25T15:00,25.3,0.0,15.9
Mumbai,ecmwf_ifs04,2026-09-22T16:00,26.9,0.0,16.0
Mumbai,ecmwf_ifs04,2026-09-22T17:00,26.4,0.0,15.5
Mumbai,ecmwf_ifs04,2026-09-22T18:00,26.2,0.0,14.0
Mumbai,ecmwf_ifs04,2026-09-22T19:00,26.4,0.0,12.0
Mumbai,ecmwf_ifs04,2026-09-22T20:00,26.9,0.0,10.0
Mumbai,ecmwf_ifs04,2026-09-22T21:00,27.8,0.1,8.5
Mumbai,ecmwf_ifs04,2026-09-22T22:00,28.9,0.5,8.0
Mumbai,ecmwf_ifs04,2026-09-22T23:00,30.3,0.8,8.5
Mumbai,ecmwf_ifs04,2026-09-23T00:00,31.7,0.9,10.0
Mumbai,ecmwf_ifs04,2026-09-23T01:00,33.1,1.0,12.0
Mumbai,ecmwf_ifs04,2026-09-23T02:00,34.4,0.9,14.0
Mumbai,ecmwf_ifs04,2026-09-23T03:00,35.6,0.8,15.5
Mumbai,ecmwf_ifs04,2026-09-23T04:00,36.4,0.5,16.0
Mumbai,ecmwf_ifs04,2026-09-23T05:00,37.0,0.1,15.5
Mumbai,ecmwf_ifs04,2026-09-23T06:00,37.2,0.0,14.0
Mumbai,ecmwf_ifs04,2026-09-23T07:00,37.0,0.0,12.0
Mumbai,ecmwf_ifs04,2026-09-23T08:00,36.4,0.0,10.0
Mumbai,ecmwf_ifs04,2026-09-23T09:00,35.6,0.0,8.5
Mumbai,ecmwf_ifs04,2026-09-23T10:00,34.4,0.0,8.0
Mumbai,ecmwf_ifs04,2026-09-23T11:00,33.1,0.0,8.5
Mumbai,ecmwf_ifs04,2026-09-23T12:00,31.7,0.0,10.0
Mumbai,ecmwf_ifs04,2026-09-23T13:00,30.3,0.0,12.0
Mumbai,ecmwf_ifs04,2026-09-23T14:00,28.9,0.0,14.0
Mumbai,ecmwf_ifs04,2026-09-23T15:00,27.8,0.0,15.5
Mumbai,ecmwf_ifs04,2026-09-23T16:00,26.9,0.0,16.0
Mumbai,ecmwf_ifs04,2026-09-23T17:00,26.4,0.0,15.5
Mumbai,ecmwf_ifs04,2026-09-23T18:00,26.2,0.0,14.0
Mumbai,ecmwf_ifs04,2026-09-23T19:00,26.4,0.0,12.0
Mumbai,ecmwf_ifs04,2026-09-23T20:00,26.9,0.0,10.0
Mumbai,ecmwf_ifs04,2026-09-23T21:00,27.8,0.0,8.5
Mumbai,ecmwf_ifs04,2026-09-23T22:00,28.9,0.0,8.0
Mumbai,ecmwf_ifs04,2026-09-23T23:00,30.3,0.0,8.5
Mumbai,ecmwf_ifs04,2026-09-24T00:00,31.7,0.0,10.0
Mumbai,ecmwf_ifs04,2026-09-24T01:00,33.1,0.0,12.0
Mumbai,ecmwf_ifs04,2026-09-24T02:00,34.4,0.0,14.0
Mumbai,ecmwf_ifs04,2026-09-24T03:00,35.6,0.0,15.5
Mumbai,ecmwf_ifs04,2026-09-24T04:00,36.4,0.0,16.0
Mumbai,ecmwf_ifs04,2026-09-24T05:00,37.0,0.0,15.5
Mumbai,ecmwf_ifs04,2026-09-24T06:00,37.2,0.0,14.0
Mumbai,ecmwf_ifs04,2026-09-24T07:00,37.0,0.0,12.0
Mumbai,ecmwf_ifs04,2026-09-24T08:00,36.4,0.0,10.0
Mumbai,ecmwf_ifs04,2026-09-24T09:00,35.6,0.1,8.5
Mumbai,ecmwf_ifs04,2026-09-24T10:00,34.4,0.5,8.0
Mumbai,ecmwf_ifs04,2026-09-24T11:00,33.1,0.8,8.5
Mumbai,ecmwf_ifs04,2026-09-24T12:00,31.7,0.9,10.0
Mumbai,ecmwf_ifs04,2026-09-24T13:00,30.3,1.0,12.0
Mumbai,ecmwf_ifs04,2026-09-24T14:00,28.9,0.9,14.0
Mumbai,ecmwf_ifs04,2026-09-24T15:00,27.8,0.8,15.5
Mumbai,ecmwf_ifs04,2026-09-24T16:00,26.9,0.5,16.0
Mumbai,ecmwf_ifs04,2026-09-24T17:00,26.4,0.1,15.5
Mumbai,ecmwf_ifs04,2026-09-24T18:00,26.2,0.0,14.0
Mumbai,ecmwf_ifs04,2026-09-24T19:00,26.4,0.0,12.0
Mumbai,ecmwf_ifs04,2026-09-24T20:00,26.9,0.0,10.0
Mumbai,ecmwf_ifs04,2026-09-24T21:00,27.8,0.0,8.5
Mumbai,ecmwf_ifs04,2026-09-24T22:00,28.9,0.0,8.0
Mumbai,ecmwf_ifs04,2026-09-24T23:00,30.3,0.0,8.5
Mumbai,ecmwf_ifs04,2026-09-25T00:00,31.7,0.0,10.0
Mumbai,ecmwf_ifs04,2026-09-25T01:00,33.1,0.0,12.0
Mumbai,ecmwf_ifs04,2026-09-25T02:00,34.4,0.0,14.0
Mumbai,ecmwf_ifs04,2026-09-25T03:00,35.6,0.0,15.5
Mumbai,ecmwf_ifs04,2026-09-25T04:00,36.4,0.0,16.0
Mumbai,ecmwf_ifs04,2026-09-25T05:00,37.0,0.0,15.5
Mumbai,ecmwf_ifs04,2026-09-25T06:00,37.2,0.0,14.0
Mumbai,ecmwf_ifs04,2026-09-25T07:00,37.0,0.0,12.0
Mumbai,ecmwf_ifs04,2026-09-25T08:00,36.4,0.0,10.0
Mumbai,ecmwf_ifs04,2026-09-25T09:00,35.6,0.0,8.5
Mumbai,ecmwf_ifs04,2026-09-25T10:00,34.4,0.0,8.0
Mumbai,ecmwf_ifs04,2026-09-25T11:00,33.1,0.0,8.5
Mumbai,ecmwf_ifs04,2026-09-25T12:00,31.7,0.0,10.0
Mumbai,ecmwf_ifs04,2026-09-25T13:00,30.3,0.0,12.0
Mumbai,ecmwf_ifs04,2026-09-25T14:00,28.9,0.0,14.0
Mumbai,ecmwf_ifs04,2026-09-25T15:00,27.8,0.0,15.5
Mumbai,gfs_seamless,2026-09-22T16:00,27.4,0.0,16.2
Mumbai,gfs_seamless,2026-09-22T17:00,26.9,0.0,15.7
Mumbai,gfs_seamless,2026-09-22T18:00,26.7,0.0,14.2
Mumbai,gfs_seamless,2026-09-22T19:00,26.9,0.0,12.2
Mumbai,gfs_seamless,2026-09-22T20:00,27.4,0.0,10.2
Mumbai,gfs_seamless,2026-09-22T21:00,28.3,0.1,8.7
Mumbai,gfs_seamless,2026-09-22T22:00,29.4,0.5,8.2
Mumbai,gfs_seamless,2026-09-22T23:00,30.8,0.8,8.7
Mumbai,gfs_seamless,2026-09-23T00:00,32.2,0.9,10.2
Mumbai,gfs_seamless,2026-09-23T01:00,33.6,1.0,12.2
Mumbai,gfs_seamless,2026-09-23T02:00,34.9,0.9,14.2
Mumbai,gfs_seamless,2026-09-23T03:00,36.1,0.8,15.7
Mumbai,gfs_seamless,2026-09-23T04:00,36.9,0.5,16.2
Mumbai,gfs_seamless,2026-09-23T05:00,37.5,0.1,15.7
Mumbai,gfs_seamless,2026-09-23T06:00,37.7,0.0,14.2
Mumbai,gfs_seamless,2026-09-23T07:00,37.5,0.0,12.2
Mumbai,gfs_seamless,2026-09-23T08:00,36.9,0.0,10.2
Mumbai,gfs_seamless,2026-09-23T09:00,36.1,0.0,8.7
Mumbai,gfs_seamless,2026-09-23T10:00,34.9,0.0,8.2
Mumbai,gfs_seamless,2026-09-23T11:00,33.6,0.0,8.7
Mumbai,gfs_seamless,2026-09-23T12:00,32.2,0.0,10.2
Mumbai,gfs_seamless,2026-09-23T13:00,30.8,0.0,12.2
Mumbai,gfs_seamless,2026-09-23T14:00,29.4,0.0,14.2
Mumbai,gfs_seamless,2026-09-23T15:00,28.3,0.0,15.7
Mumbai,gfs_seamless,2026-09-23T16:00,27.4,0.0,16.2
Mumbai,gfs_seamless,2026-09-23T17:00,26.9,0.0,15.7
Mumbai,gfs_seamless,2026-09-23T18:00,26.7,0.0,14.2
Mumbai,gfs_seamless,2026-09-23T19:00,26.9,0.0,12.2
Mumbai,gfs_seamless,2026-09-23T20:00,27.4,0.0,10.2
Mumbai,gfs_seamless,2026-09-23T21:00,28.3,0.0,8.7
Mumbai,gfs_seamless,2026-09-23T22:00,29.4,0.0,8.2
Mumbai,gfs_seamless,2026-09-23T23:00,30.8,0.0,8.7
Mumbai,gfs_seamless,2026-09-24T00:00,32.2,0.0,10.2
Mumbai,gfs_seamless,2026-09-24T01:00,33.6,0.0,12.2
Mumbai,gfs_seamless,2026-09-24T02:00,34.9,0.0,14.2
Mumbai,gfs_seamless,2026-09-24T03:00,36.1,0.0,15.7
Mumbai,gfs_seamless,2026-09-24T04:00,36.9,0.0,16.2
Mumbai,gfs_seamless,2026-09-24T05:00,37.5,0.0,15.7
Mumbai,gfs_seamless,2026-09-24T06:00,37.7,0.0,14.2
Mumbai,gfs_seamless,2026-09-24T07:00,37.5,0.0,12.2
Mumbai,gfs_seamless,2026-09-24T08:00,36.9,0.0,10.2
Mumbai,gfs_seamless,2026-09-24T09:00,36.1,0.1,8.7
Mumbai,gfs_seamless,2026-09-24T10:00,34.9,0.5,8.2
Mumbai,gfs_seamless,2026-09-24T11:00,33.6,0.8,8.7
Mumbai,gfs_seamless,2026-09-24T12:00,32.2,0.9,10.2
Mumbai,gfs_seamless,2026-09-24T13:00,30.8,1.0,12.2
Mumbai,gfs_seamless,2026-09-24T14:00,29.4,0.9,14.2
Mumbai,gfs_seamless,2026-09-24T15:00,28.3,0.8,15.7
Mumbai,gfs_seamless,2026-09-24T16:00,27.4,0.5,16.2
Mumbai,gfs_seamless,2026-09-24T17:00,26.9,0.1,15.7
Mumbai,gfs_seamless,2026-09-24T18:00,26.7,0.0,14.2
Mumbai,gfs_seamless,2026-09-24T19:00,26.9,0.0,12.2
Mumbai,gfs_seamless,2026-09-24T20:00,27.4,0.0,10.2
Mumbai,gfs_seamless,2026-09-24T21:00,28.3,0.0,8.7
Mumbai,gfs_seamless,2026-09-24T22:00,29.4,0.0,8.2
Mumbai,gfs_seamless,2026-09-24T23:00,30.8,0.0,8.7
Mumbai,gfs_seamless,2026-09-25T00:00,32.2,0.0,10.2
Mumbai,gfs_seamless,2026-09-25T01:00,33.6,0.0,12.2
Mumbai,gfs_seamless,2026-09-25T02:00,34.9,0.0,14.2
Mumbai,gfs_seamless,2026-09-25T03:00,36.1,0.0,15.7
Mumbai,gfs_seamless,2026-09-25T04:00,36.9,0.0,16.2
Mumbai,gfs_seamless,2026-09-25T05:00,37.5,0.0,15.7
Mumbai,gfs_seamless,2026-09-25T06:00,37.7,0.0,14.2
Mumbai,gfs_seamless,2026-09-25T07:00,37.5,0.0,12.2
Mumbai,gfs_seamless,2026-09-25T08:00,36.9,0.0,10.2
Mumbai,gfs_seamless,2026-09-25T09:00,36.1,0.0,8.7
Mumbai,gfs_seamless,2026-09-25T10:00,34.9,0.0,8.2
Mumbai,gfs_seamless,2026-09-25T11:00,33.6,0.0,8.7
Mumbai,gfs_seamless,2026-09-25T12:00,32.2,0.0,10.2
Mumbai,gfs_seamless,2026-09-25T13:00,30.8,0.0,12.2
Mumbai,gfs_seamless,2026-09-25T14:00,29.4,0.0,14.2
Mumbai,gfs_seamless,2026-09-25T15:00,28.3,0.0,15.7
Mumbai,icon_seamless,2026-09-22T16:00,26.6,0.0,15.9
Mumbai,icon_seamless,2026-09-22T17:00,26.1,0.0,15.4
Mumbai,icon_seamless,2026-09-22T18:00,25.9,0.0,13.9
Mumbai,icon_seamless,2026-09-22T19:00,26.1,0.0,11.9
Mumbai,icon_seamless,2026-09-22T20:00,26.6,0.0,9.9
Mumbai,icon_seamless,2026-09-22T21:00,27.5,0.1,8.4
Mumbai,icon_seamless,2026-09-22T22:00,28.6,0.5,7.9
Mumbai,icon_seamless,2026-09-22T23:00,30.0,0.8,8.4
Mumbai,icon_seamless,2026-09-23T00:00,31.4,0.9,9.9
Mumbai,icon_seamless,2026-09-23T01:00,32.8,1.0,11.9
Mumbai,icon_seamless,2026-09-23T02:00,34.1,0.9,13.9
Mumbai,icon_seamless,2026-09-23T03:00,35.3,0.8,15.4
Mumbai,icon_seamless,2026-09-23T04:00,36.1,0.5,15.9
Mumbai,icon_seamless,2026-09-23T05:00,36.7,0.1,15.4
Mumbai,icon_seamless,2026-09-23T06:00,36.9,0.0,13.9
Mumbai,icon_seamless,2026-09-23T07:00,36.7,0.0,11.9
Mumbai,icon_seamless,2026-09-23T08:00,36.1,0.0,9.9
Mumbai,icon_seamless,2026-09-23T09:00,35.3,0.0,8.4
Mumbai,icon_seamless,2026-09-23T10:00,34.1,0.0,7.9
Mumbai,icon_seamless,2026-09-23T11:00,32.8,0.0,8.4
Mumbai,icon_seamless,2026-09-23T12:00,31.4,0.0,9.9
Mumbai,icon_seamless,2026-09-23T13:00,30.0,0.0,11.9
Mumbai,icon_seamless,2026-09-23T14:00,28.6,0.0,13.9
Mumbai,icon_seamless,2026-09-23T15:00,27.5,0.0,15.4
Mumbai,icon_seamless,2026-09-23T16:00,26.6,0.0,15.9
Mumbai,icon_seamless,2026-09-23T17:00,26.1,0.0,15.4
Mumbai,icon_seamless,2026-09-23T18:00,25.9,0.0,13.9
Mumbai,icon_seamless,2026-09-23T19:00,26.1,0.0,11.9
Mumbai,icon_seamless,2026-09-23T20:00,26.6,0.0,9.9
Mumbai,icon_seamless,2026-09-23T21:00,27.5,0.0,8.4
Mumbai,icon_seamless,2026-09-23T22:00,28.6,0.0,7.9
Mumbai,icon_seamless,2026-09-23T23:00,30.0,0.0,8.4
Mumbai,icon_seamless,2026-09-24T00:00,31.4,0.0,9.9
Mumbai,icon_seamless,2026-09-24T01:00,32.8,0.0,11.9
Mumbai,icon_seamless,2026-09-24T02:00,34.1,0.0,13.9
Mumbai,icon_seamless,2026-09-24T03:00,35.3,0.0,15.4
Mumbai,icon_seamless,2026-09-24T04:00,36.1,0.0,15.9
Mumbai,icon_seamless,2026-09-24T05:00,36.7,0.0,15.4
Mumbai,icon_seamless,2026-09-24T06:00,36.9,0.0,13.9
Mumbai,icon_seamless,2026-09-24T07:00,36.7,0.0,11.9
Mumbai,icon_seamless,2026-09-24T08:00,36.1,0.0,9.9
Mumbai,icon_seamless,2026-09-24T09:00,35.3,0.1,8.4
Mumbai,icon_seamless,2026-09-24T10:00,34.1,0.5,7.9
Mumbai,icon_seamless,2026-09-24T11:00,32.8,0.8,8.4
Mumbai,icon_seamless,2026-09-24T12:00,31.4,0.9,9.9
Mumbai,icon_seamless,2026-09-24T13:00,30.0,1.0,11.9
Mumbai,icon_seamless,2026-09-24T14:00,28.6,0.9,13.9
Mumbai,icon_seamless,2026-09-24T15:00,27.5,0.8,15.4
Mumbai,icon_seamless,2026-09-24T16:00,26.6,0.5,15.9
Mumbai,icon_seamless,2026-09-24T17:00,26.1,0.1,15.4
Mumbai,icon_seamless,2026-09-24T18:00,25.9,0.0,13.9
Mumbai,icon_seamless,2026-09-24T19:00,26.1,0.0,11.9
Mumbai,icon_seamless,2026-09-24T20:00,26.6,0.0,9.9
Mumbai,icon_seamless,2026-09-24T21:00,27.5,0.0,8.4
Mumbai,icon_seamless,2026-09-24T22:00,28.6,0.0,7.9
Mumbai,icon_seamless,2026-09-24T23:00,30.0,0.0,8.4
Mumbai,icon_seamless,2026-09-25T00:00,31.4,0.0,9.9
Mumbai,icon_seamless,2026-09-25T01:00,32.8,0.0,11.9
Mumbai,icon_seamless,2026-09-25T02:00,34.1,0.0,13.9
Mumbai,icon_seamless,2026-09-25T03:00,35.3,0.0,15.4
Mumbai,icon_seamless,2026-09-25T04:00,36.1,0.0,15.9
Mumbai,icon_seamless,2026-09-25T05:00,36.7,0.0,15.4
Mumbai,icon_seamless,2026-09-25T06:00,36.9,0.0,13.9
Mumbai,icon_seamless,2026-09-25T07:00,36.7,0.0,11.9
Mumbai,icon_seamless,2026-09-25T08:00,36.1,0.0,9.9
Mumbai,icon_seamless,2026-09-25T09:00,35.3,0.0,8.4
Mumbai,icon_seamless,2026-09-25T10:00,34.1,0.0,7.9
Mumbai,icon_seamless,2026-09-25T11:00,32.8,0.0,8.4
Mumbai,icon_seamless,2026-09-25T12:00,31.4,0.0,9.9
Mumbai,icon_seamless,2026-09-25T13:00,30.0,0.0,11.9
Mumbai,icon_seamless,2026-09-25T14:00,28.6,0.0,13.9
Mumbai,icon_seamless,2026-09-25T15:00,27.5,0.0,15.4
Mumbai,gem_seamless,2026-09-22T16:00,27.1,0.0,16.4
Mumbai,gem_seamless,2026-09-22T17:00,26.6,0.0,15.9
Mumbai,gem_seamless,2026-09-22T18:00,26.4,0.0,14.4
Mumbai,gem_seamless,2026-09-22T19:00,26.6,0.0,12.4
Mumbai,gem_seamless,2026-09-22T20:00,27.1,0.0,10.4
Mumbai,gem_seamless,2026-09-22T21:00,28.0,0.1,8.9
Mumbai,gem_seamless,2026-09-22T22:00,29.1,0.5,8.4
Mumbai,gem_seamless,2026-09-22T23:00,30.5,0.8,8.9
Mumbai,gem_seamless,2026-09-23T00:00,31.9,0.9,10.4
Mumbai,gem_seamless,2026-09-23T01:00,33.3,1.0,12.4
Mumbai,gem_seamless,2026-09-23T02:00,34.6,0.9,14.4
Mumbai,gem_seamless,2026-09-23T03:00,35.8,0.8,15.9
Mumbai,gem_seamless,2026-09-23T04:00,36.6,0.5,16.4
Mumbai,gem_seamless,2026-09-23T05:00,37.2,0.1,15.9
Mumbai,gem_seamless,2026-09-23T06:00,37.4,0.0,14.4
Mumbai,gem_seamless,2026-09-23T07:00,37.2,0.0,12.4
Mumbai,gem_seamless,2026-09-23T08:00,36.6,0.0,10.4
Mumbai,gem_seamless,2026-09-23T09:00,35.8,0.0,8.9
Mumbai,gem_seamless,2026-09-23T10:00,34.6,0.0,8.4
Mumbai,gem_seamless,2026-09-23T11:00,33.3,0.0,8.9
Mumbai,gem_seamless,2026-09-23T12:00,31.9,0.0,10.4
Mumbai,gem_seamless,2026-09-23T13:00,30.5,0.0,12.4
Mumbai,gem_seamless,2026-09-23T14:00,29.1,0.0,14.4
Mumbai,gem_seamless,2026-09-23T15:00,28.0,0.0,15.9
Mumbai,gem_seamless,2026-09-23T16:00,27.1,0.0,16.4
Mumbai,gem_seamless,2026-09-23T17:00,26.6,0.0,15.9
Mumbai,gem_seamless,2026-09-23T18:00,26.4,0.0,14.4
Mumbai,gem_seamless,2026-09-23T19:00,26.6,0.0,12.4
Mumbai,gem_seamless,2026-09-23T20:00,27.1,0.0,10.4
Mumbai,gem_seamless,2026-09-23T21:00,28.0,0.0,8.9
Mumbai,gem_seamless,2026-09-23T22:00,29.1,0.0,8.4
Mumbai,gem_seamless,2026-09-23T23:00,30.5,0.0,8.9
Mumbai,gem_seamless,2026-09-24T00:00,31.9,0.0,10.4
Mumbai,gem_seamless,2026-09-24T01:00,33.3,0.0,12.4
Mumbai,gem_seamless,2026-09-24T02:00,34.6,0.0,14.4
Mumbai,gem_seamless,2026-09-24T03:00,35.8,0.0,15.9
Mumbai,gem_seamless,2026-09-24T04:00,36.6,0.0,16.4
Mumbai,gem_seamless,2026-09-24T05:00,37.2,0.0,15.9
Mumbai,gem_seamless,2026-09-24T06:00,37.4,0.0,14.4
Mumbai,gem_seamless,2026-09-24T07:00,37.2,0.0,12.4
Mumbai,gem_seamless,2026-09-24T08:00,36.6,0.0,10.4
Mumbai,gem_seamless,2026-09-24T09:00,35.8,0.1,8.9
Mumbai,gem_seamless,2026-09-24T10:00,34.6,0.5,8.4
Mumbai,gem_seamless,2026-09-24T11:00,33.3,0.8,8.9
Mumbai,gem_seamless,2026-09-24T12:00,31.9,0.9,10.4
Mumbai,gem_seamless,2026-09-24T13:00,30.5,1.0,12.4
Mumbai,gem_seamless,2026-09-24T14:00,29.1,0.9,14.4
Mumbai,gem_seamless,2026-09-24T15:00,28.0,0.8,15.9
Mumbai,gem_seamless,2026-09-24T16:00,27.1,0.5,16.4
Mumbai,gem_seamless,2026-09-24T17:00,26.6,0.1,15.9
Mumbai,gem_seamless,2026-09-24T18:00,26.4,0.0,14.4
Mumbai,gem_seamless,2026-09-24T19:00,26.6,0.0,12.4
Mumbai,gem_seamless,2026-09-24T20:00,27.1,0.0,10.4
Mumbai,gem_seamless,2026-09-24T21:00,28.0,0.0,8.9
Mumbai,gem_seamless,2026-09-24T22:00,29.1,0.0,8.4
Mumbai,gem_seamless,2026-09-24T23:00,30.5,0.0,8.9
Mumbai,gem_seamless,2026-09-25T00:00,31.9,0.0,10.4
Mumbai,gem_seamless,2026-09-25T01:00,33.3,0.0,12.4
Mumbai,gem_seamless,2026-09-25T02:00,34.6,0.0,14.4
Mumbai,gem_seamless,2026-09-25T03:00,35.8,0.0,15.9
Mumbai,gem_seamless,2026-09-25T04:00,36.6,0.0,16.4
Mumbai,gem_seamless,2026-09-25T05:00,37.2,0.0,15.9
Mumbai,gem_seamless,2026-09-25T06:00,37.4,0.0,14.4
Mumbai,gem_seamless,2026-09-25T07:00,37.2,0.0,12.4
Mumbai,gem_seamless,2026-09-25T08:00,36.6,0.0,10.4
Mumbai,gem_seamless,2026-09-25T09:00,35.8,0.0,8.9
Mumbai,gem_seamless,2026-09-25T10:00,34.6,0.0,8.4
Mumbai,gem_seamless,2026-09-25T11:00,33.3,0.0,8.9
Mumbai,gem_seamless,2026-09-25T12:00,31.9,0.0,10.4
Mumbai,gem_seamless,2026-09-25T13:00,30.5,0.0,12.4
Mumbai,gem_seamless,2026-09-25T14:00,29.1,0.0,14.4
Mumbai,gem_seamless,2026-09-25T15:00,28.0,0.0,15.9
Chennai,ecmwf_ifs04,2026-09-22T16:00,24.8,0.0,16.0
Chennai,ecmwf_ifs04,2026-09-22T17:00,24.3,0.0,15.5
Chennai,ecmwf_ifs04,2026-09-22T18:00,24.1,0.0,14.0
Chennai,ecmwf_ifs04,2026-09-22T19:00,24.3,0.0,12.0
Chennai,ecmwf_ifs04,2026-09-22T20:00,24.8,0.0,10.0
Chennai,ecmwf_ifs04,2026-09-22T21:00,25.7,0.1,8.5
Chennai,ecmwf_ifs04,2026-09-22T22:00,26.8,0.5,8.0
Chennai,ecmwf_ifs04,2026-09-22T23:00,28.2,0.8,8.5
Chennai,ecmwf_ifs04,2026-09-23T00:00,29.6,0.9,10.0
Chennai,ecmwf_ifs04,2026-09-23T01:00,31.0,1.0,12.0
Chennai,ecmwf_ifs04,2026-09-23T02:00,32.3,0.9,14.0
Chennai,ecmwf_ifs04,2026-09-23T03:00,33.5,0.8,15.5
Chennai,ecmwf_ifs04,2026-09-23T04:00,34.3,0.5,16.0
Chennai,ecmwf_ifs04,2026-09-23T05:00,34.9,0.1,15.5
Chennai,ecmwf_ifs04,2026-09-23T06:00,35.1,0.0,14.0
Chennai,ecmwf_ifs04,2026-09-23T07:00,34.9,0.0,12.0
Chennai,ecmwf_ifs04,2026-09-23T08:00,34.3,0.0,10.0
Chennai,ecmwf_ifs04,2026-09-23T09:00,33.5,0.0,8.5
Chennai,ecmwf_ifs04,2026-09-23T10:00,32.3,0.0,8.0
Chennai,ecmwf_ifs04,2026-09-23T11:00,31.0,0.0,8.5
Chennai,ecmwf_ifs04,2026-09-23T12:00,29.6,0.0,10.0
Chennai,ecmwf_ifs04,2026-09-23T13:00,28.2,0.0,12.0
Chennai,ecmwf_ifs04,2026-09-23T14:00,26.8,0.0,14.0
Chennai,ecmwf_ifs04,2026-09-23T15:00,25.7,0.0,15.5
Chennai,ecmwf_ifs04,2026-09-23T16:00,24.8,0.0,16.0
Chennai,ecmwf_ifs04,2026-09-23T17:00,24.3,0.0,15.5
Chennai,ecmwf_ifs04,2026-09-23T18:00,24.1,0.0,14.0
Chennai,ecmwf_ifs04,2026-09-23T19:00,24.3,0.0,12.0
Chennai,ecmwf_ifs04,2026-09-23T20:00,24.8,0.0,10.0
Chennai,ecmwf_ifs04,2026-09-23T21:00,25.7,0.0,8.5
Chennai,ecmwf_ifs04,2026-09-23T22:00,26.8,0.0,8.0
Chennai,ecmwf_ifs04,2026-09-23T23:00,28.2,0.0,8.5
Chennai,ecmwf_ifs04,2026-09-24T00:00,29.6,0.0,10.0
Chennai,ecmwf_ifs04,2026-09-24T01:00,31.0,0.0,12.0
Chennai,ecmwf_ifs04,2026-09-24T02:00,32.3,0.0,14.0
Chennai,ecmwf_ifs04,2026-09-24T03:00,33.5,0.0,15.5
Chennai,ecmwf_ifs04,2026-09-24T04:00,34.3,0.0,16.0
Chennai,ecmwf_ifs04,2026-09-24T05:00,34.9,0.0,15.5
Chennai,ecmwf_ifs04,2026-09-24T06:00,35.1,0.0,14.0
Chennai,ecmwf_ifs04,2026-09-24T07:00,34.9,0.0,12.0
Chennai,ecmwf_ifs04,2026-09-24T08:00,34.3,0.0,10.0
Chennai,ecmwf_ifs04,2026-09-24T09:00,33.5,0.1,8.5
Chennai,ecmwf_ifs04,2026-09-24T10:00,32.3,0.5,8.0
Chennai,ecmwf_ifs04,2026-09-24T11:00,31.0,0.8,8.5
Chennai,ecmwf_ifs04,2026-09-24T12:00,29.6,0.9,10.0
Chennai,ecmwf_ifs04,2026-09-24T13:00,28.2,1.0,12.0
Chennai,ecmwf_ifs04,2026-09-24T14:00,26.8,0.9,14.0
Chennai,ecmwf_ifs04,2026-09-24T15:00,25.7,0.8,15.5
Chennai,ecmwf_ifs04,2026-09-24T16:00,24.8,0.5,16.0
Chennai,ecmwf_ifs04,2026-09-24T17:00,24.3,0.1,15.5
Chennai,ecmwf_ifs04,2026-09-24T18:00,24.1,0.0,14.0
Chennai,ecmwf_ifs04,2026-09-24T19:00,24.3,0.0,12.0
Chennai,ecmwf_ifs04,2026-09-24T20:00,24.8,0.0,10.0
Chennai,ecmwf_ifs04,2026-09-24T21:00,25.7,0.0,8.5
Chennai,ecmwf_ifs04,2026-09-24T22:00,26.8,0.0,8.0
Chennai,ecmwf_ifs04,2026-09-24T23:00,28.2,0.0,8.5
Chennai,ecmwf_ifs04,2026-09-25T00:00,29.6,0.0,10.0
Chennai,ecmwf_ifs04,2026-09-25T01:00,31.0,0.0,12.0
Chennai,ecmwf_ifs04,2026-09-25T02:00,32.3,0.0,14.0
Chennai,ecmwf_ifs04,2026-09-25T03:00,33.5,0.0,15.5
Chennai,ecmwf_ifs04,2026-09-25T04:00,34.3,0.0,16.0
Chennai,ecmwf_ifs04,2026-09-25T05:00,34.9,0.0,15.5
Chennai,ecmwf_ifs04,2026-09-25T06:00,35.1,0.0,14.0
Chennai,ecmwf_ifs04,2026-09-25T07:00,34.9,0.0,12.0
Chennai,ecmwf_ifs04,2026-09-25T08:00,34.3,0.0,10.0
Chennai,ecmwf_ifs04,2026-09-25T09:00,33.5,0.0,8.5
Chennai,ecmwf_ifs04,2026-09-25T10:00,32.3,0.0,8.0
Chennai,ecmwf_ifs04,2026-09-25T11:00,31.0,0.0,8.5
Chennai,ecmwf_ifs04,2026-09-25T12:00,29.6,0.0,10.0
Chennai,ecmwf_ifs04,2026-09-25T13:00,28.2,0.0,12.0
Chennai,ecmwf_ifs04,2026-09-25T14:00,26.8,0.0,14.0
Chennai,ecmwf_ifs04,2026-09-25T15:00,25.7,0.0,15.5
Chennai,gfs_seamless,2026-09-22T16:00,25.3,0.0,16.2
Chennai,gfs_seamless,2026-09-22T17:00,24.8,0.0,15.7
Chennai,gfs_seamless,2026-09-22T18:00,24.6,0.0,14.2
Chennai,gfs_seamless,2026-09-22T19:00,24.8,0.0,12.2
Chennai,gfs_seamless,2026-09-22T20:00,25.3,0.0,10.2
Chennai,gfs_seamless,2026-09-22T21:00,26.2,0.1,8.7
Chennai,gfs_seamless,2026-09-22T22:00,27.3,0.5,8.2
Chennai,gfs_seamless,2026-09-22T23:00,28.7,0.8,8.7
Chennai,gfs_seamless,2026-09-23T00:00,30.1,0.9,10.2
Chennai,gfs_seamless,2026-09-23T01:00,31.5,1.0,12.2
Chennai,gfs_seamless,2026-09-23T02:00,32.8,0.9,14.2
Chennai,gfs_seamless,2026-09-23T03:00,34.0,0.8,15.7
Chennai,gfs_seamless,2026-09-23T04:00,34.8,0.5,16.2
Chennai,gfs_seamless,2026-09-23T05:00,35.4,0.1,15.7
Chennai,gfs_seamless,2026-09-23T06:00,35.6,0.0,14.2
Chennai,gfs_seamless,2026-09-23T07:00,35.4,0.0,12.2
Chennai,gfs_seamless,2026-09-23T08:00,34.8,0.0,10.2
Chennai,gfs_seamless,2026-09-23T09:00,34.0,0.0,8.7
Chennai,gfs_seamless,2026-09-23T10:00,32.8,0.0,8.2
Chennai,gfs_seamless,2026-09-23T11:00,31.5,0.0,8.7
Chennai,gfs_seamless,2026-09-23T12:00,30.1,0.0,10.2
Chennai,gfs_seamless,2026-09-23T13:00,28.7,0.0,12.2
Chennai,gfs_seamless,2026-09-23T14:00,27.3,0.0,14.2
Chennai,gfs_seamless,2026-09-23T15:00,26.2,0.0,15.7
Chennai,gfs_seamless,2026-09-23T16:00,25.3,0.0,16.2
Chennai,gfs_seamless,2026-09-23T17:00,24.8,0.0,15.7
Chennai,gfs_seamless,2026-09-23T18:00,24.6,0.0,14.2
Chennai,gfs_seamless,2026-09-23T19:00,24.8,0.0,12.2
Chennai,gfs_seamless,2026-09-23T20:00,25.3,0.0,10.2
Chennai,gfs_seamless,2026-09-23T21:00,26.2,0.0,8.7
Chennai,gfs_seamless,2026-09-23T22:00,27.3,0.0,8.2
Chennai,gfs_seamless,2026-09-23T23:00,28.7,0.0,8.7
Chennai,gfs_seamless,2026-09-24T00:00,30.1,0.0,10.2
Chennai,gfs_seamless,2026-09-24T01:00,31.5,0.0,12.2
Chennai,gfs_seamless,2026-09-24T02:00,32.8,0.0,14.2
Chennai,gfs_seamless,2026-09-24T03:00,34.0,0.0,15.7
Chennai,gfs_seamless,2026-09-24T04:00,34.8,0.0,16.2
Chennai,gfs_seamless,2026-09-24T05:00,35.4,0.0,15.7
Chennai,gfs_seamless,2026-09-24T06:00,35.6,0.0,14.2
Chennai,gfs_seamless,2026-09-24T07:00,35.4,0.0,12.2
Chennai,gfs_seamless,2026-09-24T08:00,34.8,0.0,10.2
Chennai,gfs_seamless,2026-09-24T09:00,34.0,0.1,8.7
Chennai,gfs_seamless,2026-09-24T10:00,32.8,0.5,8.2
Chennai,gfs_seamless,2026-09-24T11:00,31.5,0.8,8.7
Chennai,gfs_seamless,2026-09-24T12:00,30.1,0.9,10.2
Chennai,gfs_seamless,2026-09-24T13:00,28.7,1.0,12.2
Chennai,gfs_seamless,2026-09-24T14:00,27.3,0.9,14.2
Chennai,gfs_seamless,2026-09-24T15:00,26.2,0.8,15.7
Chennai,gfs_seamless,2026-09-24T16:00,25.3,0.5,16.2
Chennai,gfs_seamless,2026-09-24T17:00,24.8,0.1,15.7
Chennai,gfs_seamless,2026-09-24T18:00,24.6,0.0,14.2
Chennai,gfs_seamless,2026-09-24T19:00,24.8,0.0,12.2
Chennai,gfs_seamless,2026-09-24T20:00,25.3,0.0,10.2
Chennai,gfs_seamless,2026-09-24T21:00,26.2,0.0,8.7
Chennai,gfs_seamless,2026-09-24T22:00,27.3,0.0,8.2
Chennai,gfs_seamless,2026-09-24T23:00,28.7,0.0,8.7
Chennai,gfs_seamless,2026-09-25T00:00,30.1,0.0,10.2
Chennai,gfs_seamless,2026-09-25T01:00,31.5,0.0,12.2
Chennai,gfs_seamless,2026-09-25T02:00,32.8,0.0,14.2
Chennai,gfs_seamless,2026-09-25T03:00,34.0,0.0,15.7
Chennai,gfs_seamless,2026-09-25T04:00,34.8,0.0,16.2
Chennai,gfs_seamless,2026-09-25T05:00,35.4,0.0,15.7
Chennai,gfs_seamless,2026-09-25T06:00,35.6,0.0,14.2
Chennai,gfs_seamless,2026-09-25T07:00,35.4,0.0,12.2
Chennai,gfs_seamless,2026-09-25T08:00,34.8,0.0,10.2
Chennai,gfs_seamless,2026-09-25T09:00,34.0,0.0,8.7
Chennai,gfs_seamless,2026-09-25T10:00,32.8,0.0,8.2
Chennai,gfs_seamless,2026-09-25T11:00,31.5,0.0,8.7
Chennai,gfs_seamless,2026-09-25T12:00,30.1,0.0,10.2
Chennai,gfs_seamless,2026-09-25T13:00,28.7,0.0,12.2
Chennai,gfs_seamless,2026-09-25T14:00,27.3,0.0,14.2
Chennai,gfs_seamless,2026-09-25T15:00,26.2,0.0,15.7
Chennai,icon_seamless,2026-09-22T16:00,24.5,0.0,15.9
Chennai,icon_seamless,2026-09-22T17:00,24.0,0.0,15.4
Chennai,icon_seamless,2026-09-22T18:00,23.8,0.0,13.9
Chennai,icon_seamless,2026-09-22T19:00,24.0,0.0,11.9
Chennai,icon_seamless,2026-09-22T20:00,24.5,0.0,9.9
Chennai,icon_seamless,2026-09-22T21:00,25.4,0.1,8.4
Chennai,icon_seamless,2026-09-22T22:00,26.5,0.5,7.9
Chennai,icon_seamless,2026-09-22T23:00,27.9,0.8,8.4
Chennai,icon_seamless,2026-09-23T00:00,29.3,0.9,9.9
Chennai,icon_seamless,2026-09-23T01:00,30.7,1.0,11.9
Chennai,icon_seamless,2026-09-23T02:00,32.0,0.9,13.9
Chennai,icon_seamless,2026-09-23T03:00,33.2,0.8,15.4
Chennai,icon_seamless,2026-09-23T04:00,34.0,0.5,15.9
Chennai,icon_seamless,2026-09-23T05:00,34.6,0.1,15.4
Chennai,icon_seamless,2026-09-23T06:00,34.8,0.0,13.9
Chennai,icon_seamless,2026-09-23T07:00,34.6,0.0,11.9
Chennai,icon_seamless,2026-09-23T08:00,34.0,0.0,9.9
Chennai,icon_seamless,2026-09-23T09:00,33.2,0.0,8.4
Chennai,icon_seamless,2026-09-23T10:00,32.0,0.0,7.9
Chennai,icon_seamless,2026-09-23T11:00,30.7,0.0,8.4
Chennai,icon_seamless,2026-09-23T12:00,29.3,0.0,9.9
Chennai,icon_seamless,2026-09-23T13:00,27.9,0.0,11.9
Chennai,icon_seamless,2026-09-23T14:00,26.5,0.0,13.9
Chennai,icon_seamless,2026-09-23T15:00,25.4,0.0,15.4
Chennai,icon_seamless,2026-09-23T16:00,24.5,0.0,15.9
Chennai,icon_seamless,2026-09-23T17:00,24.0,0.0,15.4
Chennai,icon_seamless,2026-09-23T18:00,23.8,0.0,13.9
Chennai,icon_seamless,2026-09-23T19:00,24.0,0.0,11.9
Chennai,icon_seamless,2026-09-23T20:00,24.5,0.0,9.9
Chennai,icon_seamless,2026-09-23T21:00,25.4,0.0,8.4
Chennai,icon_seamless,2026-09-23T22:00,26.5,0.0,7.9
Chennai,icon_seamless,2026-09-23T23:00,27.9,0.0,8.4
Chennai,icon_seamless,2026-09-24T00:00,29.3,0.0,9.9
Chennai,icon_seamless,2026-09-24T01:00,30.7,0.0,11.9
Chennai,icon_seamless,2026-09-24T02:00,32.0,0.0,13.9
Chennai,icon_seamless,2026-09-24T03:00,33.2,0.0,15.4
Chennai,icon_seamless,2026-09-24T04:00,34.0,0.0,15.9
Chennai,icon_seamless,2026-09-24T05:00,34.6,0.0,15.4
Chennai,icon_seamless,2026-09-24T06:00,34.8,0.0,13.9
Chennai,icon_seamless,2026-09-24T07:00,34.6,0.0,11.9
Chennai,icon_seamless,2026-09-24T08:00,34.0,0.0,9.9
Chennai,icon_seamless,2026-09-24T09:00,33.2,0.1,8.4
Chennai,icon_seamless,2026-09-24T10:00,32.0,0.5,7.9
Chennai,icon_seamless,2026-09-24T11:00,30.7,0.8,8.4
Chennai,icon_seamless,2026-09-24T12:00,29.3,0.9,9.9
Chennai,icon_seamless,2026-09-24T13:00,27.9,1.0,11.9
Chennai,icon_seamless,2026-09-24T14:00,26.5,0.9,13.9
Chennai,icon_seamless,2026-09-24T15:00,25.4,0.8,15.4
Chennai,icon_seamless,2026-09-24T16:00,24.5,0.5,15.9
Chennai,icon_seamless,2026-09-24T17:00,24.0,0.1,15.4
Chennai,icon_seamless,2026-09-24T18:00,23.8,0.0,13.9
Chennai,icon_seamless,2026-09-24T19:00,24.0,0.0,11.9
Chennai,icon_seamless,2026-09-24T20:00,24.5,0.0,9.9
Chennai,icon_seamless,2026-09-24T21:00,25.4,0.0,8.4
Chennai,icon_seamless,2026-09-24T22:00,26.5,0.0,7.9
Chennai,icon_seamless,2026-09-24T23:00,27.9,0.0,8.4
Chennai,icon_seamless,2026-09-25T00:00,29.3,0.0,9.9
Chennai,icon_seamless,2026-09-25T01:00,30.7,0.0,11.9
Chennai,icon_seamless,2026-09-25T02:00,32.0,0.0,13.9
Chennai,icon_seamless,2026-09-25T03:00,33.2,0.0,15.4
Chennai,icon_seamless,2026-09-25T04:00,34.0,0.0,15.9
Chennai,icon_seamless,2026-09-25T05:00,34.6,0.0,15.4
Chennai,icon_seamless,2026-09-25T06:00,34.8,0.0,13.9
Chennai,icon_seamless,2026-09-25T07:00,34.6,0.0,11.9
Chennai,icon_seamless,2026-09-25T08:00,34.0,0.0,9.9
Chennai,icon_seamless,2026-09-25T09:00,33.2,0.0,8.4
Chennai,icon_seamless,2026-09-25T10:00,32.0,0.0,7.9
Chennai,icon_seamless,2026-09-25T11:00,30.7,0.0,8.4
Chennai,icon_seamless,2026-09-25T12:00,29.3,0.0,9.9
Chennai,icon_seamless,2026-09-25T13:00,27.9,0.0,11.9
Chennai,icon_seamless,2026-09-25T14:00,26.5,0.0,13.9
Chennai,icon_seamless,2026-09-25T15:00,25.4,0.0,15.4
Chennai,gem_seamless,2026-09-22T16:00,25.0,0.0,16.4
Chennai,gem_seamless,2026-09-22T17:00,24.5,0.0,15.9
Chennai,gem_seamless,2026-09-22T18:00,24.3,0.0,14.4
Chennai,gem_seamless,2026-09-22T19:00,24.5,0.0,12.4
Chennai,gem_seamless,2026-09-22T20:00,25.0,0.0,10.4
Chennai,gem_seamless,2026-09-22T21:00,25.9,0.1,8.9
Chennai,gem_seamless,2026-09-22T22:00,27.0,0.5,8.4
Chennai,gem_seamless,2026-09-22T23:00,28.4,0.8,8.9
Chennai,gem_seamless,2026-09-23T00:00,29.8,0.9,10.4
Chennai,gem_seamless,2026-09-23T01:00,31.2,1.0,12.4
Chennai,gem_seamless,2026-09-23T02:00,32.5,0.9,14.4
Chennai,gem_seamless,2026-09-23T03:00,33.7,0.8,15.9
Chennai,gem_seamless,2026-09-23T04:00,34.5,0.5,16.4
Chennai,gem_seamless,2026-09-23T05:00,35.1,0.1,15.9
Chennai,gem_seamless,2026-09-23T06:00,35.3,0.0,14.4
Chennai,gem_seamless,2026-09-23T07:00,35.1,0.0,12.4
Chennai,gem_seamless,2026-09-23T08:00,34.5,0.0,10.4
Chennai,gem_seamless,2026-09-23T09:00,33.7,0.0,8.9
Chennai,gem_seamless,2026-09-23T10:00,32.5,0.0,8.4
Chennai,gem_seamless,2026-09-23T11:00,31.2,0.0,8.9
Chennai,gem_seamless,2026-09-23T12:00,29.8,0.0,10.4
Chennai,gem_seamless,2026-09-23T13:00,28.4,0.0,12.4
Chennai,gem_seamless,2026-09-23T14:00,27.0,0.0,14.4
Chennai,gem_seamless,2026-09-23T15:00,25.9,0.0,15.9
Chennai,gem_seamless,2026-09-23T16:00,25.0,0.0,16.4
Chennai,gem_seamless,2026-09-23T17:00,24.5,0.0,15.9
Chennai,gem_seamless,2026-09-23T18:00,24.3,0.0,14.4
Chennai,gem_seamless,2026-09-23T19:00,24.5,0.0,12.4
Chennai,gem_seamless,2026-09-23T20:00,25.0,0.0,10.4
Chennai,gem_seamless,2026-09-23T21:00,25.9,0.0,8.9
Chennai,gem_seamless,2026-09-23T22:00,27.0,0.0,8.4
Chennai,gem_seamless,2026-09-23T23:00,28.4,0.0,8.9
Chennai,gem_seamless,2026-09-24T00:00,29.8,0.0,10.4
Chennai,gem_seamless,2026-09-24T01:00,31.2,0.0,12.4
Chennai,gem_seamless,2026-09-24T02:00,32.5,0.0,14.4
Chennai,gem_seamless,2026-09-24T03:00,33.7,0.0,15.9
Chennai,gem_seamless,2026-09-24T04:00,34.5,0.0,16.4
Chennai,gem_seamless,2026-09-24T05:00,35.1,0.0,15.9
Chennai,gem_seamless,2026-09-24T06:00,35.3,0.0,14.4
Chennai,gem_seamless,2026-09-24T07:00,35.1,0.0,12.4
Chennai,gem_seamless,2026-09-24T08:00,34.5,0.0,10.4
Chennai,gem_seamless,2026-09-24T09:00,33.7,0.1,8.9
Chennai,gem_seamless,2026-09-24T10:00,32.5,0.5,8.4
Chennai,gem_seamless,2026-09-24T11:00,31.2,0.8,8.9
Chennai,gem_seamless,2026-09-24T12:00,29.8,0.9,10.4
Chennai,gem_seamless,2026-09-24T13:00,28.4,1.0,12.4
Chennai,gem_seamless,2026-09-24T14:00,27.0,0.9,14.4
Chennai,gem_seamless,2026-09-24T15:00,25.9,0.8,15.9
Chennai,gem_seamless,2026-09-24T16:00,25.0,0.5,16.4
Chennai,gem_seamless,2026-09-24T17:00,24.5,0.1,15.9
Chennai,gem_seamless,2026-09-24T18:00,24.3,0.0,14.4
Chennai,gem_seamless,2026-09-24T19:00,24.5,0.0,12.4
Chennai,gem_seamless,2026-09-24T20:00,25.0,0.0,10.4
Chennai,gem_seamless,2026-09-24T21:00,25.9,0.0,8.9
Chennai,gem_seamless,2026-09-24T22:00,27.0,0.0,8.4
Chennai,gem_seamless,2026-09-24T23:00,28.4,0.0,8.9
Chennai,gem_seamless,2026-09-25T00:00,29.8,0.0,10.4
Chennai,gem_seamless,2026-09-25T01:00,31.2,0.0,12.4
Chennai,gem_seamless,2026-09-25T02:00,32.5,0.0,14.4
Chennai,gem_seamless,2026-09-25T03:00,33.7,0.0,15.9
Chennai,gem_seamless,2026-09-25T04:00,34.5,0.0,16.4
Chennai,gem_seamless,2026-09-25T05:00,35.1,0.0,15.9
Chennai,gem_seamless,2026-09-25T06:00,35.3,0.0,14.4
Chennai,gem_seamless,2026-09-25T07:00,35.1,0.0,12.4
Chennai,gem_seamless,2026-09-25T08:00,34.5,0.0,10.4
Chennai,gem_seamless,2026-09-25T09:00,33.7,0.0,8.9
Chennai,gem_seamless,2026-09-25T10:00,32.5,0.0,8.4
Chennai,gem_seamless,2026-09-25T11:00,31.2,0.0,8.9
Chennai,gem_seamless,2026-09-25T12:00,29.8,0.0,10.4
Chennai,gem_seamless,2026-09-25T13:00,28.4,0.0,12.4
Chennai,gem_seamless,2026-09-25T14:00,27.0,0.0,14.4
Chennai,gem_seamless,2026-09-25T15:00,25.9,0.0,15.9
Kolkata,ecmwf_ifs04,2026-09-22T16:00,26.3,0.0,16.0
Kolkata,ecmwf_ifs04,2026-09-22T17:00,25.8,0.0,15.5
Kolkata,ecmwf_ifs04,2026-09-22T18:00,25.6,0.0,14.0
Kolkata,ecmwf_ifs04,2026-09-22T19:00,25.8,0.0,12.0
Kolkata,ecmwf_ifs04,2026-09-22T20:00,26.3,0.0,10.0
Kolkata,ecmwf_ifs04,2026-09-22T21:00,27.2,0.1,8.5
Kolkata,ecmwf_ifs04,2026-09-22T22:00,28.3,0.5,8.0
Kolkata,ecmwf_ifs04,2026-09-22T23:00,29.7,0.8,8.5
Kolkata,ecmwf_ifs04,2026-09-23T00:00,31.1,0.9,10.0
Kolkata,ecmwf_ifs04,2026-09-23T01:00,32.5,1.0,12.0
Kolkata,ecmwf_ifs04,2026-09-23T02:00,33.8,0.9,14.0
Kolkata,ecmwf_ifs04,2026-09-23T03:00,35.0,0.8,15.5
Kolkata,ecmwf_ifs04,2026-09-23T04:00,35.9,0.5,16.0
Kolkata,ecmwf_ifs04,2026-09-23T05:00,36.4,0.1,15.5
Kolkata,ecmwf_ifs04,2026-09-23T06:00,36.6,0.0,14.0
Kolkata,ecmwf_ifs04,2026-09-23T07:00,36.4,0.0,12.0
Kolkata,ecmwf_ifs04,2026-09-23T08:00,35.9,0.0,10.0
Kolkata,ecmwf_ifs04,2026-09-23T09:00,35.0,0.0,8.5
Kolkata,ecmwf_ifs04,2026-09-23T10:00,33.8,0.0,8.0
Kolkata,ecmwf_ifs04,2026-09-23T11:00,32.5,0.0,8.5
Kolkata,ecmwf_ifs04,2026-09-23T12:00,31.1,0.0,10.0
Kolkata,ecmwf_ifs04,2026-09-23T13:00,29.7,0.0,12.0
Kolkata,ecmwf_ifs04,2026-09-23T14:00,28.3,0.0,14.0
Kolkata,ecmwf_ifs04,2026-09-23T15:00,27.2,0.0,15.5
Kolkata,ecmwf_ifs04,2026-09-23T16:00,26.3,0.0,16.0
Kolkata,ecmwf_ifs04,2026-09-23T17:00,25.8,0.0,15.5
Kolkata,ecmwf_ifs04,2026-09-23T18:00,25.6,0.0,14.0
Kolkata,ecmwf_ifs04,2026-09-23T19:00,25.8,0.0,12.0
Kolkata,ecmwf_ifs04,2026-09-23T20:00,26.3,0.0,10.0
Kolkata,ecmwf_ifs04,2026-09-23T21:00,27.2,0.0,8.5
Kolkata,ecmwf_ifs04,2026-09-23T22:00,28.3,0.0,8.0
Kolkata,ecmwf_ifs04,2026-09-23T23:00,29.7,0.0,8.5
Kolkata,ecmwf_ifs04,2026-09-24T00:00,31.1,0.0,10.0
Kolkata,ecmwf_ifs04,2026-09-24T01:00,32.5,0.0,12.0
Kolkata,ecmwf_ifs04,2026-09-24T02:00,33.8,0.0,14.0
Kolkata,ecmwf_ifs04,2026-09-24T03:00,35.0,0.0,15.5
Kolkata,ecmwf_ifs04,2026-09-24T04:00,35.9,0.0,16.0
Kolkata,ecmwf_ifs04,2026-09-24T05:00,36.4,0.0,15.5
Kolkata,ecmwf_ifs04,2026-09-24T06:00,36.6,0.0,14.0
Kolkata,ecmwf_ifs04,2026-09-24T07:00,36.4,0.0,12.0
Kolkata,ecmwf_ifs04,2026-09-24T08:00,35.9,0.0,10.0
Kolkata,ecmwf_ifs04,2026-09-24T09:00,35.0,0.1,8.5
Kolkata,ecmwf_ifs04,2026-09-24T10:00,33.8,0.5,8.0
Kolkata,ecmwf_ifs04,2026-09-24T11:00,32.5,0.8,8.5
Kolkata,ecmwf_ifs04,2026-09-24T12:00,31.1,0.9,10.0
Kolkata,ecmwf_ifs04,2026-09-24T13:00,29.7,1.0,12.0
Kolkata,ecmwf_ifs04,2026-09-24T14:00,28.3,0.9,14.0
Kolkata,ecmwf_ifs04,2026-09-24T15:00,27.2,0.8,15.5
Kolkata,ecmwf_ifs04,2026-09-24T16:00,26.3,0.5,16.0
Kolkata,ecmwf_ifs04,2026-09-24T17:00,25.8,0.1,15.5
Kolkata,ecmwf_ifs04,2026-09-24T18:00,25.6,0.0,14.0
Kolkata,ecmwf_ifs04,2026-09-24T19:00,25.8,0.0,12.0
Kolkata,ecmwf_ifs04,2026-09-24T20:00,26.3,0.0,10.0
Kolkata,ecmwf_ifs04,2026-09-24T21:00,27.2,0.0,8.5
Kolkata,ecmwf_ifs04,2026-09-24T22:00,28.3,0.0,8.0
Kolkata,ecmwf_ifs04,2026-09-24T23:00,29.7,0.0,8.5
Kolkata,ecmwf_ifs04,2026-09-25T00:00,31.1,0.0,10.0
Kolkata,ecmwf_ifs04,2026-09-25T01:00,32.5,0.0,12.0
Kolkata,ecmwf_ifs04,2026-09-25T02:00,33.8,0.0,14.0
Kolkata,ecmwf_ifs04,2026-09-25T03:00,35.0,0.0,15.5
Kolkata,ecmwf_ifs04,2026-09-25T04:00,35.9,0.0,16.0
Kolkata,ecmwf_ifs04,2026-09-25T05:00,36.4,0.0,15.5
Kolkata,ecmwf_ifs04,2026-09-25T06:00,36.6,0.0,14.0
Kolkata,ecmwf_ifs04,2026-09-25T07:00,36.4,0.0,12.0
Kolkata,ecmwf_ifs04,2026-09-25T08:00,35.9,0.0,10.0
Kolkata,ecmwf_ifs04,2026-09-25T09:00,35.0,0.0,8.5
Kolkata,ecmwf_ifs04,2026-09-25T10:00,33.8,0.0,8.0
Kolkata,ecmwf_ifs04,2026-09-25T11:00,32.5,0.0,8.5
Kolkata,ecmwf_ifs04,2026-09-25T12:00,31.1,0.0,10.0
Kolkata,ecmwf_ifs04,2026-09-25T13:00,29.7,0.0,12.0
Kolkata,ecmwf_ifs04,2026-09-25T14:00,28.3,0.0,14.0
Kolkata,ecmwf_ifs04,2026-09-25T15:00,27.2,0.0,15.5
Kolkata,gfs_seamless,2026-09-22T16:00,26.8,0.0,16.2
Kolkata,gfs_seamless,2026-09-22T17:00,26.3,0.0,15.7
Kolkata,gfs_seamless,2026-09-22T18:00,26.1,0.0,14.2
Kolkata,gfs_seamless,2026-09-22T19:00,26.3,0.0,12.2
Kolkata,gfs_seamless,2026-09-22T20:00,26.8,0.0,10.2
Kolkata,gfs_seamless,2026-09-22T21:00,27.7,0.1,8.7
Kolkata,gfs_seamless,2026-09-22T22:00,28.8,0.5,8.2
Kolkata,gfs_seamless,2026-09-22T23:00,30.2,0.8,8.7
Kolkata,gfs_seamless,2026-09-23T00:00,31.6,0.9,10.2
Kolkata,gfs_seamless,2026-09-23T01:00,33.0,1.0,12.2
Kolkata,gfs_seamless,2026-09-23T02:00,34.3,0.9,14.2
Kolkata,gfs_seamless,2026-09-23T03:00,35.5,0.8,15.7
Kolkata,gfs_seamless,2026-09-23T04:00,36.4,0.5,16.2
Kolkata,gfs_seamless,2026-09-23T05:00,36.9,0.1,15.7
Kolkata,gfs_seamless,2026-09-23T06:00,37.1,0.0,14.2
Kolkata,gfs_seamless,2026-09-23T07:00,36.9,0.0,12.2
Kolkata,gfs_seamless,2026-09-23T08:00,36.4,0.0,10.2
Kolkata,gfs_seamless,2026-09-23T09:00,35.5,0.0,8.7
Kolkata,gfs_seamless,2026-09-23T10:00,34.3,0.0,8.2
Kolkata,gfs_seamless,2026-09-23T11:00,33.0,0.0,8.7
Kolkata,gfs_seamless,2026-09-23T12:00,31.6,0.0,10.2
Kolkata,gfs_seamless,2026-09-23T13:00,30.2,0.0,12.2
Kolkata,gfs_seamless,2026-09-23T14:00,28.8,0.0,14.2
Kolkata,gfs_seamless,2026-09-23T15:00,27.7,0.0,15.7
Kolkata,gfs_seamless,2026-09-23T16:00,26.8,0.0,16.2
Kolkata,gfs_seamless,2026-09-23T17:00,26.3,0.0,15.7
Kolkata,gfs_seamless,2026-09-23T18:00,26.1,0.0,14.2
Kolkata,gfs_seamless,2026-09-23T19:00,26.3,0.0,12.2
Kolkata,gfs_seamless,2026-09-23T20:00,26.8,0.0,10.2
Kolkata,gfs_seamless,2026-09-23T21:00,27.7,0.0,8.7
Kolkata,gfs_seamless,2026-09-23T22:00,28.8,0.0,8.2
Kolkata,gfs_seamless,2026-09-23T23:00,30.2,0.0,8.7
Kolkata,gfs_seamless,2026-09-24T00:00,31.6,0.0,10.2
Kolkata,gfs_seamless,2026-09-24T01:00,33.0,0.0,12.2
Kolkata,gfs_seamless,2026-09-24T02:00,34.3,0.0,14.2
Kolkata,gfs_seamless,2026-09-24T03:00,35.5,0.0,15.7
Kolkata,gfs_seamless,2026-09-24T04:00,36.4,0.0,16.2
Kolkata,gfs_seamless,2026-09-24T05:00,36.9,0.0,15.7
Kolkata,gfs_seamless,2026-09-24T06:00,37.1,0.0,14.2
Kolkata,gfs_seamless,2026-09-24T07:00,36.9,0.0,12.2
Kolkata,gfs_seamless,2026-09-24T08:00,36.4,0.0,10.2
Kolkata,gfs_seamless,2026-09-24T09:00,35.5,0.1,8.7
Kolkata,gfs_seamless,2026-09-24T10:00,34.3,0.5,8.2
Kolkata,gfs_seamless,2026-09-24T11:00,33.0,0.8,8.7
Kolkata,gfs_seamless,2026-09-24T12:00,31.6,0.9,10.2
Kolkata,gfs_seamless,2026-09-24T13:00,30.2,1.0,12.2
Kolkata,gfs_seamless,2026-09-24T14:00,28.8,0.9,14.2
Kolkata,gfs_seamless,2026-09-24T15:00,27.7,0.8,15.7
Kolkata,gfs_seamless,2026-09-24T16:00,26.8,0.5,16.2
Kolkata,gfs_seamless,2026-09-24T17:00,26.3,0.1,15.7
Kolkata,gfs_seamless,2026-09-24T18:00,26.1,0.0,14.2
Kolkata,gfs_seamless,2026-09-24T19:00,26.3,0.0,12.2
Kolkata,gfs_seamless,2026-09-24T20:00,26.8,0.0,10.2
Kolkata,gfs_seamless,2026-09-24T21:00,27.7,0.0,8.7
Kolkata,gfs_seamless,2026-09-24T22:00,28.8,0.0,8.2
Kolkata,gfs_seamless,2026-09-24T23:00,30.2,0.0,8.7
Kolkata,gfs_seamless,2026-09-25T00:00,31.6,0.0,10.2
Kolkata,gfs_seamless,2026-09-25T01:00,33.0,0.0,12.2
Kolkata,gfs_seamless,2026-09-25T02:00,34.3,0.0,14.2
Kolkata,gfs_seamless,2026-09-25T03:00,35.5,0.0,15.7
Kolkata,gfs_seamless,2026-09-25T04:00,36.4,0.0,16.2
Kolkata,gfs_seamless,2026-09-25T05:00,36.9,0.0,15.7
Kolkata,gfs_seamless,2026-09-25T06:00,37.1,0.0,14.2
Kolkata,gfs_seamless,2026-09-25T07:00,36.9,0.0,12.2
Kolkata,gfs_seamless,2026-09-25T08:00,36.4,0.0,10.2
Kolkata,gfs_seamless,2026-09-25T09:00,35.5,0.0,8.7
Kolkata,gfs_seamless,2026-09-25T10:00,34.3,0.0,8.2
Kolkata,gfs_seamless,2026-09-25T11:00,33.0,0.0,8.7
Kolkata,gfs_seamless,2026-09-25T12:00,31.6,0.0,10.2
Kolkata,gfs_seamless,2026-09-25T13:00,30.2,0.0,12.2
Kolkata,gfs_seamless,2026-09-25T14:00,28.8,0.0,14.2
Kolkata,gfs_seamless,2026-09-25T15:00,27.7,0.0,15.7
Kolkata,icon_seamless,2026-09-22T16:00,26.0,0.0,15.9
Kolkata,icon_seamless,2026-09-22T17:00,25.5,0.0,15.4
Kolkata,icon_seamless,2026-09-22T18:00,25.3,0.0,13.9
Kolkata,icon_seamless,2026-09-22T19:00,25.5,0.0,11.9
Kolkata,icon_seamless,2026-09-22T20:00,26.0,0.0,9.9
Kolkata,icon_seamless,2026-09-22T21:00,26.9,0.1,8.4
Kolkata,icon_seamless,2026-09-22T22:00,28.0,0.5,7.9
Kolkata,icon_seamless,2026-09-22T23:00,29.4,0.8,8.4
Kolkata,icon_seamless,2026-09-23T00:00,30.8,0.9,9.9
Kolkata,icon_seamless,2026-09-23T01:00,32.2,1.0,11.9
Kolkata,icon_seamless,2026-09-23T02:00,33.5,0.9,13.9
Kolkata,icon_seamless,2026-09-23T03:00,34.7,0.8,15.4
Kolkata,icon_seamless,2026-09-23T04:00,35.6,0.5,15.9
Kolkata,icon_seamless,2026-09-23T05:00,36.1,0.1,15.4
Kolkata,icon_seamless,2026-09-23T06:00,36.3,0.0,13.9
Kolkata,icon_seamless,2026-09-23T07:00,36.1,0.0,11.9
Kolkata,icon_seamless,2026-09-23T08:00,35.6,0.0,9.9
Kolkata,icon_seamless,2026-09-23T09:00,34.7,0.0,8.4
Kolkata,icon_seamless,2026-09-23T10:00,33.5,0.0,7.9
Kolkata,icon_seamless,2026-09-23T11:00,32.2,0.0,8.4
Kolkata,icon_seamless,2026-09-23T12:00,30.8,0.0,9.9
Kolkata,icon_seamless,2026-09-23T13:00,29.4,0.0,11.9
Kolkata,icon_seamless,2026-09-23T14:00,28.0,0.0,13.9
Kolkata,icon_seamless,2026-09-23T15:00,26.9,0.0,15.4
Kolkata,icon_seamless,2026-09-23T16:00,26.0,0.0,15.9
Kolkata,icon_seamless,2026-09-23T17:00,25.5,0.0,15.4
Kolkata,icon_seamless,2026-09-23T18:00,25.3,0.0,13.9
Kolkata,icon_seamless,2026-09-23T19:00,25.5,0.0,11.9
Kolkata,icon_seamless,2026-09-23T20:00,26.0,0.0,9.9
Kolkata,icon_seamless,2026-09-23T21:00,26.9,0.0,8.4
Kolkata,icon_seamless,2026-09-23T22:00,28.0,0.0,7.9
Kolkata,icon_seamless,2026-09-23T23:00,29.4,0.0,8.4
Kolkata,icon_seamless,2026-09-24T00:00,30.8,0.0,9.9
Kolkata,icon_seamless,2026-09-24T01:00,32.2,0.0,11.9
Kolkata,icon_seamless,2026-09-24T02:00,33.5,0.0,13.9
Kolkata,icon_seamless,2026-09-24T03:00,34.7,0.0,15.4
Kolkata,icon_seamless,2026-09-24T04:00,35.6,0.0,15.9
Kolkata,icon_seamless,2026-09-24T05:00,36.1,0.0,15.4
Kolkata,icon_seamless,2026-09-24T06:00,36.3,0.0,13.9
Kolkata,icon_seamless,2026-09-24T07:00,36.1,0.0,11.9
Kolkata,icon_seamless,2026-09-24T08:00,35.6,0.0,9.9
Kolkata,icon_seamless,2026-09-24T09:00,34.7,0.1,8.4
Kolkata,icon_seamless,2026-09-24T10:00,33.5,0.5,7.9
Kolkata,icon_seamless,2026-09-24T11:00,32.2,0.8,8.4
Kolkata,icon_seamless,2026-09-24T12:00,30.8,0.9,9.9
Kolkata,icon_seamless,2026-09-24T13:00,29.4,1.0,11.9
Kolkata,icon_seamless,2026-09-24T14:00,28.0,0.9,13.9
Kolkata,icon_seamless,2026-09-24T15:00,26.9,0.8,15.4
Kolkata,icon_seamless,2026-09-24T16:00,26.0,0.5,15.9
Kolkata,icon_seamless,2026-09-24T17:00,25.5,0.1,15.4
Kolkata,icon_seamless,2026-09-24T18:00,25.3,0.0,13.9
Kolkata,icon_seamless,2026-09-24T19:00,25.5,0.0,11.9
Kolkata,icon_seamless,2026-09-24T20:00,26.0,0.0,9.9
Kolkata,icon_seamless,2026-09-24T21:00,26.9,0.0,8.4
Kolkata,icon_seamless,2026-09-24T22:00,28.0,0.0,7.9
Kolkata,icon_seamless,2026-09-24T23:00,29.4,0.0,8.4
Kolkata,icon_seamless,2026-09-25T00:00,30.8,0.0,9.9
Kolkata,icon_seamless,2026-09-25T01:00,32.2,0.0,11.9
Kolkata,icon_seamless,2026-09-25T02:00,33.5,0.0,13.9
Kolkata,icon_seamless,2026-09-25T03:00,34.7,0.0,15.4
Kolkata,icon_seamless,2026-09-25T04:00,35.6,0.0,15.9
Kolkata,icon_seamless,2026-09-25T05:00,36.1,0.0,15.4
Kolkata,icon_seamless,2026-09-25T06:00,36.3,0.0,13.9
Kolkata,icon_seamless,2026-09-25T07:00,36.1,0.0,11.9
Kolkata,icon_seamless,2026-09-25T08:00,35.6,0.0,9.9
Kolkata,icon_seamless,2026-09-25T09:00,34.7,0.0,8.4
Kolkata,icon_seamless,2026-09-25T10:00,33.5,0.0,7.9
Kolkata,icon_seamless,2026-09-25T11:00,32.2,0.0,8.4
Kolkata,icon_seamless,2026-09-25T12:00,30.8,0.0,9.9
Kolkata,icon_seamless,2026-09-25T13:00,29.4,0.0,11.9
Kolkata,icon_seamless,2026-09-25T14:00,28.0,0.0,13.9
Kolkata,icon_seamless,2026-09-25T15:00,26.9,0.0,15.4
Kolkata,gem_seamless,2026-09-22T16:00,26.5,0.0,16.4
Kolkata,gem_seamless,2026-09-22T17:00,26.0,0.0,15.9
Kolkata,gem_seamless,2026-09-22T18:00,25.8,0.0,14.4
Kolkata,gem_seamless,2026-09-22T19:00,26.0,0.0,12.4
Kolkata,gem_seamless,2026-09-22T20:00,26.5,0.0,10.4
Kolkata,gem_seamless,2026-09-22T21:00,27.4,0.1,8.9
Kolkata,gem_seamless,2026-09-22T22:00,28.5,0.5,8.4
Kolkata,gem_seamless,2026-09-22T23:00,29.9,0.8,8.9
Kolkata,gem_seamless,2026-09-23T00:00,31.3,0.9,10.4
Kolkata,gem_seamless,2026-09-23T01:00,32.7,1.0,12.4
Kolkata,gem_seamless,2026-09-23T02:00,34.0,0.9,14.4
Kolkata,gem_seamless,2026-09-23T03:00,35.2,0.8,15.9
Kolkata,gem_seamless,2026-09-23T04:00,36.1,0.5,16.4
Kolkata,gem_seamless,2026-09-23T05:00,36.6,0.1,15.9
Kolkata,gem_seamless,2026-09-23T06:00,36.8,0.0,14.4
Kolkata,gem_seamless,2026-09-23T07:00,36.6,0.0,12.4
Kolkata,gem_seamless,2026-09-23T08:00,36.1,0.0,10.4
Kolkata,gem_seamless,2026-09-23T09:00,35.2,0.0,8.9
Kolkata,gem_seamless,2026-09-23T10:00,34.0,0.0,8.4
Kolkata,gem_seamless,2026-09-23T11:00,32.7,0.0,8.9
Kolkata,gem_seamless,2026-09-23T12:00,31.3,0.0,10.4
Kolkata,gem_seamless,2026-09-23T13:00,29.9,0.0,12.4
Kolkata,gem_seamless,2026-09-23T14:00,28.5,0.0,14.4
Kolkata,gem_seamless,2026-09-23T15:00,27.4,0.0,15.9
Kolkata,gem_seamless,2026-09-23T16:00,26.5,0.0,16.4
Kolkata,gem_seamless,2026-09-23T17:00,26.0,0.0,15.9
Kolkata,gem_seamless,2026-09-23T18:00,25.8,0.0,14.4
Kolkata,gem_seamless,2026-09-23T19:00,26.0,0.0,12.4
Kolkata,gem_seamless,2026-09-23T20:00,26.5,0.0,10.4
Kolkata,gem_seamless,2026-09-23T21:00,27.4,0.0,8.9
Kolkata,gem_seamless,2026-09-23T22:00,28.5,0.0,8.4
Kolkata,gem_seamless,2026-09-23T23:00,29.9,0.0,8.9
Kolkata,gem_seamless,2026-09-24T00:00,31.3,0.0,10.4
Kolkata,gem_seamless,2026-09-24T01:00,32.7,0.0,12.4
Kolkata,gem_seamless,2026-09-24T02:00,34.0,0.0,14.4
Kolkata,gem_seamless,2026-09-24T03:00,35.2,0.0,15.9
Kolkata,gem_seamless,2026-09-24T04:00,36.1,0.0,16.4
Kolkata,gem_seamless,2026-09-24T05:00,36.6,0.0,15.9
Kolkata,gem_seamless,2026-09-24T06:00,36.8,0.0,14.4
Kolkata,gem_seamless,2026-09-24T07:00,36.6,0.0,12.4
Kolkata,gem_seamless,2026-09-24T08:00,36.1,0.0,10.4
Kolkata,gem_seamless,2026-09-24T09:00,35.2,0.1,8.9
Kolkata,gem_seamless,2026-09-24T10:00,34.0,0.5,8.4
Kolkata,gem_seamless,2026-09-24T11:00,32.7,0.8,8.9
Kolkata,gem_seamless,2026-09-24T12:00,31.3,0.9,10.4
Kolkata,gem_seamless,2026-09-24T13:00,29.9,1.0,12.4
Kolkata,gem_seamless,2026-09-24T14:00,28.5,0.9,14.4
Kolkata,gem_seamless,2026-09-24T15:00,27.4,0.8,15.9
Kolkata,gem_seamless,2026-09-24T16:00,26.5,0.5,16.4
Kolkata,gem_seamless,2026-09-24T17:00,26.0,0.1,15.9
Kolkata,gem_seamless,2026-09-24T18:00,25.8,0.0,14.4
Kolkata,gem_seamless,2026-09-24T19:00,26.0,0.0,12.4
Kolkata,gem_seamless,2026-09-24T20:00,26.5,0.0,10.4
Kolkata,gem_seamless,2026-09-24T21:00,27.4,0.0,8.9
Kolkata,gem_seamless,2026-09-24T22:00,28.5,0.0,8.4
Kolkata,gem_seamless,2026-09-24T23:00,29.9,0.0,8.9
Kolkata,gem_seamless,2026-09-25T00:00,31.3,0.0,10.4
Kolkata,gem_seamless,2026-09-25T01:00,32.7,0.0,12.4
Kolkata,gem_seamless,2026-09-25T02:00,34.0,0.0,14.4
Kolkata,gem_seamless,2026-09-25T03:00,35.2,0.0,15.9
Kolkata,gem_seamless,2026-09-25T04:00,36.1,0.0,16.4
Kolkata,gem_seamless,2026-09-25T05:00,36.6,0.0,15.9
Kolkata,gem_seamless,2026-09-25T06:00,36.8,0.0,14.4
Kolkata,gem_seamless,2026-09-25T07:00,36.6,0.0,12.4
Kolkata,gem_seamless,2026-09-25T08:00,36.1,0.0,10.4
Kolkata,gem_seamless,2026-09-25T09:00,35.2,0.0,8.9
Kolkata,gem_seamless,2026-09-25T10:00,34.0,0.0,8.4
Kolkata,gem_seamless,2026-09-25T11:00,32.7,0.0,8.9
Kolkata,gem_seamless,2026-09-25T12:00,31.3,0.0,10.4
Kolkata,gem_seamless,2026-09-25T13:00,29.9,0.0,12.4
Kolkata,gem_seamless,2026-09-25T14:00,28.5,0.0,14.4
Kolkata,gem_seamless,2026-09-25T15:00,27.4,0.0,15.9
Jaipur,ecmwf_ifs04,2026-09-22T16:00,24.8,0.0,16.0
Jaipur,ecmwf_ifs04,2026-09-22T17:00,24.3,0.0,15.5
Jaipur,ecmwf_ifs04,2026-09-22T18:00,24.1,0.0,14.0
Jaipur,ecmwf_ifs04,2026-09-22T19:00,24.3,0.0,12.0
Jaipur,ecmwf_ifs04,2026-09-22T20:00,24.8,0.0,10.0
Jaipur,ecmwf_ifs04,2026-09-22T21:00,25.7,0.1,8.5
Jaipur,ecmwf_ifs04,2026-09-22T22:00,26.8,0.5,8.0
Jaipur,ecmwf_ifs04,2026-09-22T23:00,28.2,0.8,8.5
Jaipur,ecmwf_ifs04,2026-09-23T00:00,29.6,0.9,10.0
Jaipur,ecmwf_ifs04,2026-09-23T01:00,31.0,1.0,12.0
Jaipur,ecmwf_ifs04,2026-09-23T02:00,32.3,0.9,14.0
Jaipur,ecmwf_ifs04,2026-09-23T03:00,33.5,0.8,15.5
Jaipur,ecmwf_ifs04,2026-09-23T04:00,34.3,0.5,16.0
Jaipur,ecmwf_ifs04,2026-09-23T05:00,34.9,0.1,15.5
Jaipur,ecmwf_ifs04,2026-09-23T06:00,35.1,0.0,14.0
Jaipur,ecmwf_ifs04,2026-09-23T07:00,34.9,0.0,12.0
Jaipur,ecmwf_ifs04,2026-09-23T08:00,34.3,0.0,10.0
Jaipur,ecmwf_ifs04,2026-09-23T09:00,33.5,0.0,8.5
Jaipur,ecmwf_ifs04,2026-09-23T10:00,32.3,0.0,8.0
Jaipur,ecmwf_ifs04,2026-09-23T11:00,31.0,0.0,8.5
Jaipur,ecmwf_ifs04,2026-09-23T12:00,29.6,0.0,10.0
Jaipur,ecmwf_ifs04,2026-09-23T13:00,28.2,0.0,12.0
Jaipur,ecmwf_ifs04,2026-09-23T14:00,26.8,0.0,14.0
Jaipur,ecmwf_ifs04,2026-09-23T15:00,25.7,0.0,15.5
Jaipur,ecmwf_ifs04,2026-09-23T16:00,24.8,0.0,16.0
Jaipur,ecmwf_ifs04,2026-09-23T17:00,24.3,0.0,15.5
Jaipur,ecmwf_ifs04,2026-09-23T18:00,24.1,0.0,14.0
Jaipur,ecmwf_ifs04,2026-09-23T19:00,24.3,0.0,12.0
Jaipur,ecmwf_ifs04,2026-09-23T20:00,24.8,0.0,10.0
Jaipur,ecmwf_ifs04,2026-09-23T21:00,25.7,0.0,8.5
Jaipur,ecmwf_ifs04,2026-09-23T22:00,26.8,0.0,8.0
Jaipur,ecmwf_ifs04,2026-09-23T23:00,28.2,0.0,8.5
Jaipur,ecmwf_ifs04,2026-09-24T00:00,29.6,0.0,10.0
Jaipur,ecmwf_ifs04,2026-09-24T01:00,31.0,0.0,12.0
Jaipur,ecmwf_ifs04,2026-09-24T02:00,32.3,0.0,14.0
Jaipur,ecmwf_ifs04,2026-09-24T03:00,33.5,0.0,15.5
Jaipur,ecmwf_ifs04,2026-09-24T04:00,34.3,0.0,16.0
Jaipur,ecmwf_ifs04,2026-09-24T05:00,34.9,0.0,15.5
Jaipur,ecmwf_ifs04,2026-09-24T06:00,35.1,0.0,14.0
Jaipur,ecmwf_ifs04,2026-09-24T07:00,34.9,0.0,12.0
Jaipur,ecmwf_ifs04,2026-09-24T08:00,34.3,0.0,10.0
Jaipur,ecmwf_ifs04,2026-09-24T09:00,33.5,0.1,8.5
Jaipur,ecmwf_ifs04,2026-09-24T10:00,32.3,0.5,8.0
Jaipur,ecmwf_ifs04,2026-09-24T11:00,31.0,0.8,8.5
Jaipur,ecmwf_ifs04,2026-09-24T12:00,29.6,0.9,10.0
Jaipur,ecmwf_ifs04,2026-09-24T13:00,28.2,1.0,12.0
Jaipur,ecmwf_ifs04,2026-09-24T14:00,26.8,0.9,14.0
Jaipur,ecmwf_ifs04,2026-09-24T15:00,25.7,0.8,15.5
Jaipur,ecmwf_ifs04,2026-09-24T16:00,24.8,0.5,16.0
Jaipur,ecmwf_ifs04,2026-09-24T17:00,24.3,0.1,15.5
Jaipur,ecmwf_ifs04,2026-09-24T18:00,24.1,0.0,14.0
Jaipur,ecmwf_ifs04,2026-09-24T19:00,24.3,0.0,12.0
Jaipur,ecmwf_ifs04,2026-09-24T20:00,24.8,0.0,10.0
Jaipur,ecmwf_ifs04,2026-09-24T21:00,25.7,0.0,8.5
Jaipur,ecmwf_ifs04,2026-09-24T22:00,26.8,0.0,8.0
Jaipur,ecmwf_ifs04,2026-09-24T23:00,28.2,0.0,8.5
Jaipur,ecmwf_ifs04,2026-09-25T00:00,29.6,0.0,10.0
Jaipur,ecmwf_ifs04,2026-09-25T01:00,31.0,0.0,12.0
Jaipur,ecmwf_ifs04,2026-09-25T02:00,32.3,0.0,14.0
Jaipur,ecmwf_ifs04,2026-09-25T03:00,33.5,0.0,15.5
Jaipur,ecmwf_ifs04,2026-09-25T04:00,34.3,0.0,16.0
Jaipur,ecmwf_ifs04,2026-09-25T05:00,34.9,0.0,15.5
Jaipur,ecmwf_ifs04,2026-09-25T06:00,35.1,0.0,14.0
Jaipur,ecmwf_ifs04,2026-09-25T07:00,34.9,0.0,12.0
Jaipur,ecmwf_ifs04,2026-09-25T08:00,34.3,0.0,10.0
Jaipur,ecmwf_ifs04,2026-09-25T09:00,33.5,0.0,8.5
Jaipur,ecmwf_ifs04,2026-09-25T10:00,32.3,0.0,8.0
Jaipur,ecmwf_ifs04,2026-09-25T11:00,31.0,0.0,8.5
Jaipur,ecmwf_ifs04,2026-09-25T12:00,29.6,0.0,10.0
Jaipur,ecmwf_ifs04,2026-09-25T13:00,28.2,0.0,12.0
Jaipur,ecmwf_ifs04,2026-09-25T14:00,26.8,0.0,14.0
Jaipur,ecmwf_ifs04,2026-09-25T15:00,25.7,0.0,15.5
Jaipur,gfs_seamless,2026-09-22T16:00,25.3,0.0,16.2
Jaipur,gfs_seamless,2026-09-22T17:00,24.8,0.0,15.7
Jaipur,gfs_seamless,2026-09-22T18:00,24.6,0.0,14.2
Jaipur,gfs_seamless,2026-09-22T19:00,24.8,0.0,12.2
Jaipur,gfs_seamless,2026-09-22T20:00,25.3,0.0,10.2
Jaipur,gfs_seamless,2026-09-22T21:00,26.2,0.1,8.7
Jaipur,gfs_seamless,2026-09-22T22:00,27.3,0.5,8.2
Jaipur,gfs_seamless,2026-09-22T23:00,28.7,0.8,8.7
Jaipur,gfs_seamless,2026-09-23T00:00,30.1,0.9,10.2
Jaipur,gfs_seamless,2026-09-23T01:00,31.5,1.0,12.2
Jaipur,gfs_seamless,2026-09-23T02:00,32.8,0.9,14.2
Jaipur,gfs_seamless,2026-09-23T03:00,34.0,0.8,15.7
Jaipur,gfs_seamless,2026-09-23T04:00,34.8,0.5,16.2
Jaipur,gfs_seamless,2026-09-23T05:00,35.4,0.1,15.7
Jaipur,gfs_seamless,2026-09-23T06:00,35.6,0.0,14.2
Jaipur,gfs_seamless,2026-09-23T07:00,35.4,0.0,12.2
Jaipur,gfs_seamless,2026-09-23T08:00,34.8,0.0,10.2
Jaipur,gfs_seamless,2026-09-23T09:00,34.0,0.0,8.7
Jaipur,gfs_seamless,2026-09-23T10:00,32.8,0.0,8.2
Jaipur,gfs_seamless,2026-09-23T11:00,31.5,0.0,8.7
Jaipur,gfs_seamless,2026-09-23T12:00,30.1,0.0,10.2
Jaipur,gfs_seamless,2026-09-23T13:00,28.7,0.0,12.2
Jaipur,gfs_seamless,2026-09-23T14:00,27.3,0.0,14.2
Jaipur,gfs_seamless,2026-09-23T15:00,26.2,0.0,15.7
Jaipur,gfs_seamless,2026-09-23T16:00,25.3,0.0,16.2
Jaipur,gfs_seamless,2026-09-23T17:00,24.8,0.0,15.7
Jaipur,gfs_seamless,2026-09-23T18:00,24.6,0.0,14.2
Jaipur,gfs_seamless,2026-09-23T19:00,24.8,0.0,12.2
Jaipur,gfs_seamless,2026-09-23T20:00,25.3,0.0,10.2
Jaipur,gfs_seamless,2026-09-23T21:00,26.2,0.0,8.7
Jaipur,gfs_seamless,2026-09-23T22:00,27.3,0.0,8.2
Jaipur,gfs_seamless,2026-09-23T23:00,28.7,0.0,8.7
Jaipur,gfs_seamless,2026-09-24T00:00,30.1,0.0,10.2
Jaipur,gfs_seamless,2026-09-24T01:00,31.5,0.0,12.2
Jaipur,gfs_seamless,2026-09-24T02:00,32.8,0.0,14.2
Jaipur,gfs_seamless,2026-09-24T03:00,34.0,0.0,15.7
Jaipur,gfs_seamless,2026-09-24T04:00,34.8,0.0,16.2
Jaipur,gfs_seamless,2026-09-24T05:00,35.4,0.0,15.7
Jaipur,gfs_seamless,2026-09-24T06:00,35.6,0.0,14.2
Jaipur,gfs_seamless,2026-09-24T07:00,35.4,0.0,12.2
Jaipur,gfs_seamless,2026-09-24T08:00,34.8,0.0,10.2
Jaipur,gfs_seamless,2026-09-24T09:00,34.0,0.1,8.7
Jaipur,gfs_seamless,2026-09-24T10:00,32.8,0.5,8.2
Jaipur,gfs_seamless,2026-09-24T11:00,31.5,0.8,8.7
Jaipur,gfs_seamless,2026-09-24T12:00,30.1,0.9,10.2
Jaipur,gfs_seamless,2026-09-24T13:00,28.7,1.0,12.2
Jaipur,gfs_seamless,2026-09-24T14:00,27.3,0.9,14.2
Jaipur,gfs_seamless,2026-09-24T15:00,26.2,0.8,15.7
Jaipur,gfs_seamless,2026-09-24T16:00,25.3,0.5,16.2
Jaipur,gfs_seamless,2026-09-24T17:00,24.8,0.1,15.7
Jaipur,gfs_seamless,2026-09-24T18:00,24.6,0.0,14.2
Jaipur,gfs_seamless,2026-09-24T19:00,24.8,0.0,12.2
Jaipur,gfs_seamless,2026-09-24T20:00,25.3,0.0,10.2
Jaipur,gfs_seamless,2026-09-24T21:00,26.2,0.0,8.7
Jaipur,gfs_seamless,2026-09-24T22:00,27.3,0.0,8.2
Jaipur,gfs_seamless,2026-09-24T23:00,28.7,0.0,8.7
Jaipur,gfs_seamless,2026-09-25T00:00,30.1,0.0,10.2
Jaipur,gfs_seamless,2026-09-25T01:00,31.5,0.0,12.2
Jaipur,gfs_seamless,2026-09-25T02:00,32.8,0.0,14.2
Jaipur,gfs_seamless,2026-09-25T03:00,34.0,0.0,15.7
Jaipur,gfs_seamless,2026-09-25T04:00,34.8,0.0,16.2
Jaipur,gfs_seamless,2026-09-25T05:00,35.4,0.0,15.7
Jaipur,gfs_seamless,2026-09-25T06:00,35.6,0.0,14.2
Jaipur,gfs_seamless,2026-09-25T07:00,35.4,0.0,12.2
Jaipur,gfs_seamless,2026-09-25T08:00,34.8,0.0,10.2
Jaipur,gfs_seamless,2026-09-25T09:00,34.0,0.0,8.7
Jaipur,gfs_seamless,2026-09-25T10:00,32.8,0.0,8.2
Jaipur,gfs_seamless,2026-09-25T11:00,31.5,0.0,8.7
Jaipur,gfs_seamless,2026-09-25T12:00,30.1,0.0,10.2
Jaipur,gfs_seamless,2026-09-25T13:00,28.7,0.0,12.2
Jaipur,gfs_seamless,2026-09-25T14:00,27.3,0.0,14.2
Jaipur,gfs_seamless,2026-09-25T15:00,26.2,0.0,15.7
Jaipur,icon_seamless,2026-09-22T16:00,24.5,0.0,15.9
Jaipur,icon_seamless,2026-09-22T17:00,24.0,0.0,15.4
Jaipur,icon_seamless,2026-09-22T18:00,23.8,0.0,13.9
Jaipur,icon_seamless,2026-09-22T19:00,24.0,0.0,11.9
Jaipur,icon_seamless,2026-09-22T20:00,24.5,0.0,9.9
Jaipur,icon_seamless,2026-09-22T21:00,25.4,0.1,8.4
Jaipur,icon_seamless,2026-09-22T22:00,26.5,0.5,7.9
Jaipur,icon_seamless,2026-09-22T23:00,27.9,0.8,8.4
Jaipur,icon_seamless,2026-09-23T00:00,29.3,0.9,9.9
Jaipur,icon_seamless,2026-09-23T01:00,30.7,1.0,11.9
Jaipur,icon_seamless,2026-09-23T02:00,32.0,0.9,13.9
Jaipur,icon_seamless,2026-09-23T03:00,33.2,0.8,15.4
Jaipur,icon_seamless,2026-09-23T04:00,34.0,0.5,15.9
Jaipur,icon_seamless,2026-09-23T05:00,34.6,0.1,15.4
Jaipur,icon_seamless,2026-09-23T06:00,34.8,0.0,13.9
Jaipur,icon_seamless,2026-09-23T07:00,34.6,0.0,11.9
Jaipur,icon_seamless,2026-09-23T08:00,34.0,0.0,9.9
Jaipur,icon_seamless,2026-09-23T09:00,33.2,0.0,8.4
Jaipur,icon_seamless,2026-09-23T10:00,32.0,0.0,7.9
Jaipur,icon_seamless,2026-09-23T11:00,30.7,0.0,8.4
Jaipur,icon_seamless,2026-09-23T12:00,29.3,0.0,9.9
Jaipur,icon_seamless,2026-09-23T13:00,27.9,0.0,11.9
Jaipur,icon_seamless,2026-09-23T14:00,26.5,0.0,13.9
Jaipur,icon_seamless,2026-09-23T15:00,25.4,0.0,15.4
Jaipur,icon_seamless,2026-09-23T16:00,24.5,0.0,15.9
Jaipur,icon_seamless,2026-09-23T17:00,24.0,0.0,15.4
Jaipur,icon_seamless,2026-09-23T18:00,23.8,0.0,13.9
Jaipur,icon_seamless,2026-09-23T19:00,24.0,0.0,11.9
Jaipur,icon_seamless,2026-09-23T20:00,24.5,0.0,9.9
Jaipur,icon_seamless,2026-09-23T21:00,25.4,0.0,8.4
Jaipur,icon_seamless,2026-09-23T22:00,26.5,0.0,7.9
Jaipur,icon_seamless,2026-09-23T23:00,27.9,0.0,8.4
Jaipur,icon_seamless,2026-09-24T00:00,29.3,0.0,9.9
Jaipur,icon_seamless,2026-09-24T01:00,30.7,0.0,11.9
Jaipur,icon_seamless,2026-09-24T02:00,32.0,0.0,13.9
Jaipur,icon_seamless,2026-09-24T03:00,33.2,0.0,15.4
Jaipur,icon_seamless,2026-09-24T04:00,34.0,0.0,15.9
Jaipur,icon_seamless,2026-09-24T05:00,34.6,0.0,15.4
Jaipur,icon_seamless,2026-09-24T06:00,34.8,0.0,13.9
Jaipur,icon_seamless,2026-09-24T07:00,34.6,0.0,11.9
Jaipur,icon_seamless,2026-09-24T08:00,34.0,0.0,9.9
Jaipur,icon_seamless,2026-09-24T09:00,33.2,0.1,8.4
Jaipur,icon_seamless,2026-09-24T10:00,32.0,0.5,7.9
Jaipur,icon_seamless,2026-09-24T11:00,30.7,0.8,8.4
Jaipur,icon_seamless,2026-09-24T12:00,29.3,0.9,9.9
Jaipur,icon_seamless,2026-09-24T13:00,27.9,1.0,11.9
Jaipur,icon_seamless,2026-09-24T14:00,26.5,0.9,13.9
Jaipur,icon_seamless,2026-09-24T15:00,25.4,0.8,15.4
Jaipur,icon_seamless,2026-09-24T16:00,24.5,0.5,15.9
Jaipur,icon_seamless,2026-09-24T17:00,24.0,0.1,15.4
Jaipur,icon_seamless,2026-09-24T18:00,23.8,0.0,13.9
Jaipur,icon_seamless,2026-09-24T19:00,24.0,0.0,11.9
Jaipur,icon_seamless,2026-09-24T20:00,24.5,0.0,9.9
Jaipur,icon_seamless,2026-09-24T21:00,25.4,0.0,8.4
Jaipur,icon_seamless,2026-09-24T22:00,26.5,0.0,7.9
Jaipur,icon_seamless,2026-09-24T23:00,27.9,0.0,8.4
Jaipur,icon_seamless,2026-09-25T00:00,29.3,0.0,9.9
Jaipur,icon_seamless,2026-09-25T01:00,30.7,0.0,11.9
Jaipur,icon_seamless,2026-09-25T02:00,32.0,0.0,13.9
Jaipur,icon_seamless,2026-09-25T03:00,33.2,0.0,15.4
Jaipur,icon_seamless,2026-09-25T04:00,34.0,0.0,15.9
Jaipur,icon_seamless,2026-09-25T05:00,34.6,0.0,15.4
Jaipur,icon_seamless,2026-09-25T06:00,34.8,0.0,13.9
Jaipur,icon_seamless,2026-09-25T07:00,34.6,0.0,11.9
Jaipur,icon_seamless,2026-09-25T08:00,34.0,0.0,9.9
Jaipur,icon_seamless,2026-09-25T09:00,33.2,0.0,8.4
Jaipur,icon_seamless,2026-09-25T10:00,32.0,0.0,7.9
Jaipur,icon_seamless,2026-09-25T11:00,30.7,0.0,8.4
Jaipur,icon_seamless,2026-09-25T12:00,29.3,0.0,9.9
Jaipur,icon_seamless,2026-09-25T13:00,27.9,0.0,11.9
Jaipur,icon_seamless,2026-09-25T14:00,26.5,0.0,13.9
Jaipur,icon_seamless,2026-09-25T15:00,25.4,0.0,15.4
Jaipur,gem_seamless,2026-09-22T16:00,25.0,0.0,16.4
Jaipur,gem_seamless,2026-09-22T17:00,24.5,0.0,15.9
Jaipur,gem_seamless,2026-09-22T18:00,24.3,0.0,14.4
Jaipur,gem_seamless,2026-09-22T19:00,24.5,0.0,12.4
Jaipur,gem_seamless,2026-09-22T20:00,25.0,0.0,10.4
Jaipur,gem_seamless,2026-09-22T21:00,25.9,0.1,8.9
Jaipur,gem_seamless,2026-09-22T22:00,27.0,0.5,8.4
Jaipur,gem_seamless,2026-09-22T23:00,28.4,0.8,8.9
Jaipur,gem_seamless,2026-09-23T00:00,29.8,0.9,10.4
Jaipur,gem_seamless,2026-09-23T01:00,31.2,1.0,12.4
Jaipur,gem_seamless,2026-09-23T02:00,32.5,0.9,14.4
Jaipur,gem_seamless,2026-09-23T03:00,33.7,0.8,15.9
Jaipur,gem_seamless,2026-09-23T04:00,34.5,0.5,16.4
Jaipur,gem_seamless,2026-09-23T05:00,35.1,0.1,15.9
Jaipur,gem_seamless,2026-09-23T06:00,35.3,0.0,14.4
Jaipur,gem_seamless,2026-09-23T07:00,35.1,0.0,12.4
Jaipur,gem_seamless,2026-09-23T08:00,34.5,0.0,10.4
Jaipur,gem_seamless,2026-09-23T09:00,33.7,0.0,8.9
Jaipur,gem_seamless,2026-09-23T10:00,32.5,0.0,8.4
Jaipur,gem_seamless,2026-09-23T11:00,31.2,0.0,8.9
Jaipur,gem_seamless,2026-09-23T12:00,29.8,0.0,10.4
Jaipur,gem_seamless,2026-09-23T13:00,28.4,0.0,12.4
Jaipur,gem_seamless,2026-09-23T14:00,27.0,0.0,14.4
Jaipur,gem_seamless,2026-09-23T15:00,25.9,0.0,15.9
Jaipur,gem_seamless,2026-09-23T16:00,25.0,0.0,16.4
Jaipur,gem_seamless,2026-09-23T17:00,24.5,0.0,15.9
Jaipur,gem_seamless,2026-09-23T18:00,24.3,0.0,14.4
Jaipur,gem_seamless,2026-09-23T19:00,24.5,0.0,12.4
Jaipur,gem_seamless,2026-09-23T20:00,25.0,0.0,10.4
Jaipur,gem_seamless,2026-09-23T21:00,25.9,0.0,8.9
Jaipur,gem_seamless,2026-09-23T22:00,27.0,0.0,8.4
Jaipur,gem_seamless,2026-09-23T23:00,28.4,0.0,8.9
Jaipur,gem_seamless,2026-09-24T00:00,29.8,0.0,10.4
Jaipur,gem_seamless,2026-09-24T01:00,31.2,0.0,12.4
Jaipur,gem_seamless,2026-09-24T02:00,32.5,0.0,14.4
Jaipur,gem_seamless,2026-09-24T03:00,33.7,0.0,15.9
Jaipur,gem_seamless,2026-09-24T04:00,34.5,0.0,16.4
Jaipur,gem_seamless,2026-09-24T05:00,35.1,0.0,15.9
Jaipur,gem_seamless,2026-09-24T06:00,35.3,0.0,14.4
Jaipur,gem_seamless,2026-09-24T07:00,35.1,0.0,12.4
Jaipur,gem_seamless,2026-09-24T08:00,34.5,0.0,10.4
Jaipur,gem_seamless,2026-09-24T09:00,33.7,0.1,8.9
Jaipur,gem_seamless,2026-09-24T10:00,32.5,0.5,8.4
Jaipur,gem_seamless,2026-09-24T11:00,31.2,0.8,8.9
Jaipur,gem_seamless,2026-09-24T12:00,29.8,0.9,10.4
Jaipur,gem_seamless,2026-09-24T13:00,28.4,1.0,12.4
Jaipur,gem_seamless,2026-09-24T14:00,27.0,0.9,14.4
Jaipur,gem_seamless,2026-09-24T15:00,25.9,0.8,15.9
Jaipur,gem_seamless,2026-09-24T16:00,25.0,0.5,16.4
Jaipur,gem_seamless,2026-09-24T17:00,24.5,0.1,15.9
Jaipur,gem_seamless,2026-09-24T18:00,24.3,0.0,14.4
Jaipur,gem_seamless,2026-09-24T19:00,24.5,0.0,12.4
Jaipur,gem_seamless,2026-09-24T20:00,25.0,0.0,10.4
Jaipur,gem_seamless,2026-09-24T21:00,25.9,0.0,8.9
Jaipur,gem_seamless,2026-09-24T22:00,27.0,0.0,8.4
Jaipur,gem_seamless,2026-09-24T23:00,28.4,0.0,8.9
Jaipur,gem_seamless,2026-09-25T00:00,29.8,0.0,10.4
Jaipur,gem_seamless,2026-09-25T01:00,31.2,0.0,12.4
Jaipur,gem_seamless,2026-09-25T02:00,32.5,0.0,14.4
Jaipur,gem_seamless,2026-09-25T03:00,33.7,0.0,15.9
Jaipur,gem_seamless,2026-09-25T04:00,34.5,0.0,16.4
Jaipur,gem_seamless,2026-09-25T05:00,35.1,0.0,15.9
Jaipur,gem_seamless,2026-09-25T06:00,35.3,0.0,14.4
Jaipur,gem_seamless,2026-09-25T07:00,35.1,0.0,12.4
Jaipur,gem_seamless,2026-09-25T08:00,34.5,0.0,10.4
Jaipur,gem_seamless,2026-09-25T09:00,33.7,0.0,8.9
Jaipur,gem_seamless,2026-09-25T10:00,32.5,0.0,8.4
Jaipur,gem_seamless,2026-09-25T11:00,31.2,0.0,8.9
Jaipur,gem_seamless,2026-09-25T12:00,29.8,0.0,10.4
Jaipur,gem_seamless,2026-09-25T13:00,28.4,0.0,12.4
Jaipur,gem_seamless,2026-09-25T14:00,27.0,0.0,14.4
Jaipur,gem_seamless,2026-09-25T15:00,25.9,0.0,15.9
Guwahati,ecmwf_ifs04,2026-09-22T16:00,25.1,0.0,16.0
Guwahati,ecmwf_ifs04,2026-09-22T17:00,24.5,0.0,15.5
Guwahati,ecmwf_ifs04,2026-09-22T18:00,24.3,0.0,14.0
Guwahati,ecmwf_ifs04,2026-09-22T19:00,24.5,0.0,12.0
Guwahati,ecmwf_ifs04,2026-09-22T20:00,25.1,0.0,10.0
Guwahati,ecmwf_ifs04,2026-09-22T21:00,26.0,0.1,8.5
Guwahati,ecmwf_ifs04,2026-09-22T22:00,27.1,0.5,8.0
Guwahati,ecmwf_ifs04,2026-09-22T23:00,28.4,0.8,8.5
Guwahati,ecmwf_ifs04,2026-09-23T00:00,29.8,0.9,10.0
Guwahati,ecmwf_ifs04,2026-09-23T01:00,31.3,1.0,12.0
Guwahati,ecmwf_ifs04,2026-09-23T02:00,32.6,0.9,14.0
Guwahati,ecmwf_ifs04,2026-09-23T03:00,33.7,0.8,15.5
Guwahati,ecmwf_ifs04,2026-09-23T04:00,34.6,0.5,16.0
Guwahati,ecmwf_ifs04,2026-09-23T05:00,35.2,0.1,15.5
Guwahati,ecmwf_ifs04,2026-09-23T06:00,35.3,0.0,14.0
Guwahati,ecmwf_ifs04,2026-09-23T07:00,35.2,0.0,12.0
Guwahati,ecmwf_ifs04,2026-09-23T08:00,34.6,0.0,10.0
Guwahati,ecmwf_ifs04,2026-09-23T09:00,33.7,0.0,8.5
Guwahati,ecmwf_ifs04,2026-09-23T10:00,32.6,0.0,8.0
Guwahati,ecmwf_ifs04,2026-09-23T11:00,31.3,0.0,8.5
Guwahati,ecmwf_ifs04,2026-09-23T12:00,29.8,0.0,10.0
Guwahati,ecmwf_ifs04,2026-09-23T13:00,28.4,0.0,12.0
Guwahati,ecmwf_ifs04,2026-09-23T14:00,27.1,0.0,14.0
Guwahati,ecmwf_ifs04,2026-09-23T15:00,26.0,0.0,15.5
Guwahati,ecmwf_ifs04,2026-09-23T16:00,25.1,0.0,16.0
Guwahati,ecmwf_ifs04,2026-09-23T17:00,24.5,0.0,15.5
Guwahati,ecmwf_ifs04,2026-09-23T18:00,24.3,0.0,14.0
Guwahati,ecmwf_ifs04,2026-09-23T19:00,24.5,0.0,12.0
Guwahati,ecmwf_ifs04,2026-09-23T20:00,25.1,0.0,10.0
Guwahati,ecmwf_ifs04,2026-09-23T21:00,26.0,0.0,8.5
Guwahati,ecmwf_ifs04,2026-09-23T22:00,27.1,0.0,8.0
Guwahati,ecmwf_ifs04,2026-09-23T23:00,28.4,0.0,8.5
Guwahati,ecmwf_ifs04,2026-09-24T00:00,29.8,0.0,10.0
Guwahati,ecmwf_ifs04,2026-09-24T01:00,31.3,0.0,12.0
Guwahati,ecmwf_ifs04,2026-09-24T02:00,32.6,0.0,14.0
Guwahati,ecmwf_ifs04,2026-09-24T03:00,33.7,0.0,15.5
Guwahati,ecmwf_ifs04,2026-09-24T04:00,34.6,0.0,16.0
Guwahati,ecmwf_ifs04,2026-09-24T05:00,35.2,0.0,15.5
Guwahati,ecmwf_ifs04,2026-09-24T06:00,35.3,0.0,14.0
Guwahati,ecmwf_ifs04,2026-09-24T07:00,35.2,0.0,12.0
Guwahati,ecmwf_ifs04,2026-09-24T08:00,34.6,0.0,10.0
Guwahati,ecmwf_ifs04,2026-09-24T09:00,33.7,0.1,8.5
Guwahati,ecmwf_ifs04,2026-09-24T10:00,32.6,0.5,8.0
Guwahati,ecmwf_ifs04,2026-09-24T11:00,31.3,0.8,8.5
Guwahati,ecmwf_ifs04,2026-09-24T12:00,29.8,0.9,10.0
Guwahati,ecmwf_ifs04,2026-09-24T13:00,28.4,1.0,12.0
Guwahati,ecmwf_ifs04,2026-09-24T14:00,27.1,0.9,14.0
Guwahati,ecmwf_ifs04,2026-09-24T15:00,26.0,0.8,15.5
Guwahati,ecmwf_ifs04,2026-09-24T16:00,25.1,0.5,16.0
Guwahati,ecmwf_ifs04,2026-09-24T17:00,24.5,0.1,15.5
Guwahati,ecmwf_ifs04,2026-09-24T18:00,24.3,0.0,14.0
Guwahati,ecmwf_ifs04,2026-09-24T19:00,24.5,0.0,12.0
Guwahati,ecmwf_ifs04,2026-09-24T20:00,25.1,0.0,10.0
Guwahati,ecmwf_ifs04,2026-09-24T21:00,26.0,0.0,8.5
Guwahati,ecmwf_ifs04,2026-09-24T22:00,27.1,0.0,8.0
Guwahati,ecmwf_ifs04,2026-09-24T23:00,28.4,0.0,8.5
Guwahati,ecmwf_ifs04,2026-09-25T00:00,29.8,0.0,10.0
Guwahati,ecmwf_ifs04,2026-09-25T01:00,31.3,0.0,12.0
Guwahati,ecmwf_ifs04,2026-09-25T02:00,32.6,0.0,14.0
Guwahati,ecmwf_ifs04,2026-09-25T03:00,33.7,0.0,15.5
Guwahati,ecmwf_ifs04,2026-09-25T04:00,34.6,0.0,16.0
Guwahati,ecmwf_ifs04,2026-09-25T05:00,35.2,0.0,15.5
Guwahati,ecmwf_ifs04,2026-09-25T06:00,35.3,0.0,14.0
Guwahati,ecmwf_ifs04,2026-09-25T07:00,35.2,0.0,12.0
Guwahati,ecmwf_ifs04,2026-09-25T08:00,34.6,0.0,10.0
Guwahati,ecmwf_ifs04,2026-09-25T09:00,33.7,0.0,8.5
Guwahati,ecmwf_ifs04,2026-09-25T10:00,32.6,0.0,8.0
Guwahati,ecmwf_ifs04,2026-09-25T11:00,31.3,0.0,8.5
Guwahati,ecmwf_ifs04,2026-09-25T12:00,29.8,0.0,10.0
Guwahati,ecmwf_ifs04,2026-09-25T13:00,28.4,0.0,12.0
Guwahati,ecmwf_ifs04,2026-09-25T14:00,27.1,0.0,14.0
Guwahati,ecmwf_ifs04,2026-09-25T15:00,26.0,0.0,15.5
Guwahati,gfs_seamless,2026-09-22T16:00,25.6,0.0,16.2
Guwahati,gfs_seamless,2026-09-22T17:00,25.0,0.0,15.7
Guwahati,gfs_seamless,2026-09-22T18:00,24.8,0.0,14.2
Guwahati,gfs_seamless,2026-09-22T19:00,25.0,0.0,12.2
Guwahati,gfs_seamless,2026-09-22T20:00,25.6,0.0,10.2
Guwahati,gfs_seamless,2026-09-22T21:00,26.5,0.1,8.7
Guwahati,gfs_seamless,2026-09-22T22:00,27.6,0.5,8.2
Guwahati,gfs_seamless,2026-09-22T23:00,28.9,0.8,8.7
Guwahati,gfs_seamless,2026-09-23T00:00,30.3,0.9,10.2
Guwahati,gfs_seamless,2026-09-23T01:00,31.8,1.0,12.2
Guwahati,gfs_seamless,2026-09-23T02:00,33.1,0.9,14.2
Guwahati,gfs_seamless,2026-09-23T03:00,34.2,0.8,15.7
Guwahati,gfs_seamless,2026-09-23T04:00,35.1,0.5,16.2
Guwahati,gfs_seamless,2026-09-23T05:00,35.7,0.1,15.7
Guwahati,gfs_seamless,2026-09-23T06:00,35.8,0.0,14.2
Guwahati,gfs_seamless,2026-09-23T07:00,35.7,0.0,12.2
Guwahati,gfs_seamless,2026-09-23T08:00,35.1,0.0,10.2
Guwahati,gfs_seamless,2026-09-23T09:00,34.2,0.0,8.7
Guwahati,gfs_seamless,2026-09-23T10:00,33.1,0.0,8.2
Guwahati,gfs_seamless,2026-09-23T11:00,31.8,0.0,8.7
Guwahati,gfs_seamless,2026-09-23T12:00,30.3,0.0,10.2
Guwahati,gfs_seamless,2026-09-23T13:00,28.9,0.0,12.2
Guwahati,gfs_seamless,2026-09-23T14:00,27.6,0.0,14.2
Guwahati,gfs_seamless,2026-09-23T15:00,26.5,0.0,15.7
Guwahati,gfs_seamless,2026-09-23T16:00,25.6,0.0,16.2
Guwahati,gfs_seamless,2026-09-23T17:00,25.0,0.0,15.7
Guwahati,gfs_seamless,2026-09-23T18:00,24.8,0.0,14.2
Guwahati,gfs_seamless,2026-09-23T19:00,25.0,0.0,12.2
Guwahati,gfs_seamless,2026-09-23T20:00,25.6,0.0,10.2
Guwahati,gfs_seamless,2026-09-23T21:00,26.5,0.0,8.7
Guwahati,gfs_seamless,2026-09-23T22:00,27.6,0.0,8.2
Guwahati,gfs_seamless,2026-09-23T23:00,28.9,0.0,8.7
Guwahati,gfs_seamless,2026-09-24T00:00,30.3,0.0,10.2
Guwahati,gfs_seamless,2026-09-24T01:00,31.8,0.0,12.2
Guwahati,gfs_seamless,2026-09-24T02:00,33.1,0.0,14.2
Guwahati,gfs_seamless,2026-09-24T03:00,34.2,0.0,15.7
Guwahati,gfs_seamless,2026-09-24T04:00,35.1,0.0,16.2
Guwahati,gfs_seamless,2026-09-24T05:00,35.7,0.0,15.7
Guwahati,gfs_seamless,2026-09-24T06:00,35.8,0.0,14.2
Guwahati,gfs_seamless,2026-09-24T07:00,35.7,0.0,12.2
Guwahati,gfs_seamless,2026-09-24T08:00,35.1,0.0,10.2
Guwahati,gfs_seamless,2026-09-24T09:00,34.2,0.1,8.7
Guwahati,gfs_seamless,2026-09-24T10:00,33.1,0.5,8.2
Guwahati,gfs_seamless,2026-09-24T11:00,31.8,0.8,8.7
Guwahati,gfs_seamless,2026-09-24T12:00,30.3,0.9,10.2
Guwahati,gfs_seamless,2026-09-24T13:00,28.9,1.0,12.2
Guwahati,gfs_seamless,2026-09-24T14:00,27.6,0.9,14.2
Guwahati,gfs_seamless,2026-09-24T15:00,26.5,0.8,15.7
Guwahati,gfs_seamless,2026-09-24T16:00,25.6,0.5,16.2
Guwahati,gfs_seamless,2026-09-24T17:00,25.0,0.1,15.7
Guwahati,gfs_seamless,2026-09-24T18:00,24.8,0.0,14.2
Guwahati,gfs_seamless,2026-09-24T19:00,25.0,0.0,12.2
Guwahati,gfs_seamless,2026-09-24T20:00,25.6,0.0,10.2
Guwahati,gfs_seamless,2026-09-24T21:00,26.5,0.0,8.7
Guwahati,gfs_seamless,2026-09-24T22:00,27.6,0.0,8.2
Guwahati,gfs_seamless,2026-09-24T23:00,28.9,0.0,8.7
Guwahati,gfs_seamless,2026-09-25T00:00,30.3,0.0,10.2
Guwahati,gfs_seamless,2026-09-25T01:00,31.8,0.0,12.2
Guwahati,gfs_seamless,2026-09-25T02:00,33.1,0.0,14.2
Guwahati,gfs_seamless,2026-09-25T03:00,34.2,0.0,15.7
Guwahati,gfs_seamless,2026-09-25T04:00,35.1,0.0,16.2
Guwahati,gfs_seamless,2026-09-25T05:00,35.7,0.0,15.7
Guwahati,gfs_seamless,2026-09-25T06:00,35.8,0.0,14.2
Guwahati,gfs_seamless,2026-09-25T07:00,35.7,0.0,12.2
Guwahati,gfs_seamless,2026-09-25T08:00,35.1,0.0,10.2
Guwahati,gfs_seamless,2026-09-25T09:00,34.2,0.0,8.7
Guwahati,gfs_seamless,2026-09-25T10:00,33.1,0.0,8.2
Guwahati,gfs_seamless,2026-09-25T11:00,31.8,0.0,8.7
Guwahati,gfs_seamless,2026-09-25T12:00,30.3,0.0,10.2
Guwahati,gfs_seamless,2026-09-25T13:00,28.9,0.0,12.2
Guwahati,gfs_seamless,2026-09-25T14:00,27.6,0.0,14.2
Guwahati,gfs_seamless,2026-09-25T15:00,26.5,0.0,15.7
Guwahati,icon_seamless,2026-09-22T16:00,24.8,0.0,15.9
Guwahati,icon_seamless,2026-09-22T17:00,24.2,0.0,15.4
Guwahati,icon_seamless,2026-09-22T18:00,24.0,0.0,13.9
Guwahati,icon_seamless,2026-09-22T19:00,24.2,0.0,11.9
Guwahati,icon_seamless,2026-09-22T20:00,24.8,0.0,9.9
Guwahati,icon_seamless,2026-09-22T21:00,25.7,0.1,8.4
Guwahati,icon_seamless,2026-09-22T22:00,26.8,0.5,7.9
Guwahati,icon_seamless,2026-09-22T23:00,28.1,0.8,8.4
Guwahati,icon_seamless,2026-09-23T00:00,29.5,0.9,9.9
Guwahati,icon_seamless,2026-09-23T01:00,31.0,1.0,11.9
Guwahati,icon_seamless,2026-09-23T02:00,32.3,0.9,13.9
Guwahati,icon_seamless,2026-09-23T03:00,33.4,0.8,15.4
Guwahati,icon_seamless,2026-09-23T04:00,34.3,0.5,15.9
Guwahati,icon_seamless,2026-09-23T05:00,34.9,0.1,15.4
Guwahati,icon_seamless,2026-09-23T06:00,35.0,0.0,13.9
Guwahati,icon_seamless,2026-09-23T07:00,34.9,0.0,11.9
Guwahati,icon_seamless,2026-09-23T08:00,34.3,0.0,9.9
Guwahati,icon_seamless,2026-09-23T09:00,33.4,0.0,8.4
Guwahati,icon_seamless,2026-09-23T10:00,32.3,0.0,7.9
Guwahati,icon_seamless,2026-09-23T11:00,31.0,0.0,8.4
Guwahati,icon_seamless,2026-09-23T12:00,29.5,0.0,9.9
Guwahati,icon_seamless,2026-09-23T13:00,28.1,0.0,11.9
Guwahati,icon_seamless,2026-09-23T14:00,26.8,0.0,13.9
Guwahati,icon_seamless,2026-09-23T15:00,25.7,0.0,15.4
Guwahati,icon_seamless,2026-09-23T16:00,24.8,0.0,15.9
Guwahati,icon_seamless,2026-09-23T17:00,24.2,0.0,15.4
Guwahati,icon_seamless,2026-09-23T18:00,24.0,0.0,13.9
Guwahati,icon_seamless,2026-09-23T19:00,24.2,0.0,11.9
Guwahati,icon_seamless,2026-09-23T20:00,24.8,0.0,9.9
Guwahati,icon_seamless,2026-09-23T21:00,25.7,0.0,8.4
Guwahati,icon_seamless,2026-09-23T22:00,26.8,0.0,7.9
Guwahati,icon_seamless,2026-09-23T23:00,28.1,0.0,8.4
Guwahati,icon_seamless,2026-09-24T00:00,29.5,0.0,9.9
Guwahati,icon_seamless,2026-09-24T01:00,31.0,0.0,11.9
Guwahati,icon_seamless,2026-09-24T02:00,32.3,0.0,13.9
Guwahati,icon_seamless,2026-09-24T03:00,33.4,0.0,15.4
Guwahati,icon_seamless,2026-09-24T04:00,34.3,0.0,15.9
Guwahati,icon_seamless,2026-09-24T05:00,34.9,0.0,15.4
Guwahati,icon_seamless,2026-09-24T06:00,35.0,0.0,13.9
Guwahati,icon_seamless,2026-09-24T07:00,34.9,0.0,11.9
Guwahati,icon_seamless,2026-09-24T08:00,34.3,0.0,9.9
Guwahati,icon_seamless,2026-09-24T09:00,33.4,0.1,8.4
Guwahati,icon_seamless,2026-09-24T10:00,32.3,0.5,7.9
Guwahati,icon_seamless,2026-09-24T11:00,31.0,0.8,8.4
Guwahati,icon_seamless,2026-09-24T12:00,29.5,0.9,9.9
Guwahati,icon_seamless,2026-09-24T13:00,28.1,1.0,11.9
Guwahati,icon_seamless,2026-09-24T14:00,26.8,0.9,13.9
Guwahati,icon_seamless,2026-09-24T15:00,25.7,0.8,15.4
Guwahati,icon_seamless,2026-09-24T16:00,24.8,0.5,15.9
Guwahati,icon_seamless,2026-09-24T17:00,24.2,0.1,15.4
Guwahati,icon_seamless,2026-09-24T18:00,24.0,0.0,13.9
Guwahati,icon_seamless,2026-09-24T19:00,24.2,0.0,11.9
Guwahati,icon_seamless,2026-09-24T20:00,24.8,0.0,9.9
Guwahati,icon_seamless,2026-09-24T21:00,25.7,0.0,8.4
Guwahati,icon_seamless,2026-09-24T22:00,26.8,0.0,7.9
Guwahati,icon_seamless,2026-09-24T23:00,28.1,0.0,8.4
Guwahati,icon_seamless,2026-09-25T00:00,29.5,0.0,9.9
Guwahati,icon_seamless,2026-09-25T01:00,31.0,0.0,11.9
Guwahati,icon_seamless,2026-09-25T02:00,32.3,0.0,13.9
Guwahati,icon_seamless,2026-09-25T03:00,33.4,0.0,15.4
Guwahati,icon_seamless,2026-09-25T04:00,34.3,0.0,15.9
Guwahati,icon_seamless,2026-09-25T05:00,34.9,0.0,15.4
Guwahati,icon_seamless,2026-09-25T06:00,35.0,0.0,13.9
Guwahati,icon_seamless,2026-09-25T07:00,34.9,0.0,11.9
Guwahati,icon_seamless,2026-09-25T08:00,34.3,0.0,9.9
Guwahati,icon_seamless,2026-09-25T09:00,33.4,0.0,8.4
Guwahati,icon_seamless,2026-09-25T10:00,32.3,0.0,7.9
Guwahati,icon_seamless,2026-09-25T11:00,31.0,0.0,8.4
Guwahati,icon_seamless,2026-09-25T12:00,29.5,0.0,9.9
Guwahati,icon_seamless,2026-09-25T13:00,28.1,0.0,11.9
Guwahati,icon_seamless,2026-09-25T14:00,26.8,0.0,13.9
Guwahati,icon_seamless,2026-09-25T15:00,25.7,0.0,15.4
Guwahati,gem_seamless,2026-09-22T16:00,25.3,0.0,16.4
Guwahati,gem_seamless,2026-09-22T17:00,24.7,0.0,15.9
Guwahati,gem_seamless,2026-09-22T18:00,24.5,0.0,14.4
Guwahati,gem_seamless,2026-09-22T19:00,24.7,0.0,12.4
Guwahati,gem_seamless,2026-09-22T20:00,25.3,0.0,10.4
Guwahati,gem_seamless,2026-09-22T21:00,26.2,0.1,8.9
Guwahati,gem_seamless,2026-09-22T22:00,27.3,0.5,8.4
Guwahati,gem_seamless,2026-09-22T23:00,28.6,0.8,8.9
Guwahati,gem_seamless,2026-09-23T00:00,30.0,0.9,10.4
Guwahati,gem_seamless,2026-09-23T01:00,31.5,1.0,12.4
Guwahati,gem_seamless,2026-09-23T02:00,32.8,0.9,14.4
Guwahati,gem_seamless,2026-09-23T03:00,33.9,0.8,15.9
Guwahati,gem_seamless,2026-09-23T04:00,34.8,0.5,16.4
Guwahati,gem_seamless,2026-09-23T05:00,35.4,0.1,15.9
Guwahati,gem_seamless,2026-09-23T06:00,35.5,0.0,14.4
Guwahati,gem_seamless,2026-09-23T07:00,35.4,0.0,12.4
Guwahati,gem_seamless,2026-09-23T08:00,34.8,0.0,10.4
Guwahati,gem_seamless,2026-09-23T09:00,33.9,0.0,8.9
Guwahati,gem_seamless,2026-09-23T10:00,32.8,0.0,8.4
Guwahati,gem_seamless,2026-09-23T11:00,31.5,0.0,8.9
Guwahati,gem_seamless,2026-09-23T12:00,30.0,0.0,10.4
Guwahati,gem_seamless,2026-09-23T13:00,28.6,0.0,12.4
Guwahati,gem_seamless,2026-09-23T14:00,27.3,0.0,14.4
Guwahati,gem_seamless,2026-09-23T15:00,26.2,0.0,15.9
Guwahati,gem_seamless,2026-09-23T16:00,25.3,0.0,16.4
Guwahati,gem_seamless,2026-09-23T17:00,24.7,0.0,15.9
Guwahati,gem_seamless,2026-09-23T18:00,24.5,0.0,14.4
Guwahati,gem_seamless,2026-09-23T19:00,24.7,0.0,12.4
Guwahati,gem_seamless,2026-09-23T20:00,25.3,0.0,10.4
Guwahati,gem_seamless,2026-09-23T21:00,26.2,0.0,8.9
Guwahati,gem_seamless,2026-09-23T22:00,27.3,0.0,8.4
Guwahati,gem_seamless,2026-09-23T23:00,28.6,0.0,8.9
Guwahati,gem_seamless,2026-09-24T00:00,30.0,0.0,10.4
Guwahati,gem_seamless,2026-09-24T01:00,31.5,0.0,12.4
Guwahati,gem_seamless,2026-09-24T02:00,32.8,0.0,14.4
Guwahati,gem_seamless,2026-09-24T03:00,33.9,0.0,15.9
Guwahati,gem_seamless,2026-09-24T04:00,34.8,0.0,16.4
Guwahati,gem_seamless,2026-09-24T05:00,35.4,0.0,15.9
Guwahati,gem_seamless,2026-09-24T06:00,35.5,0.0,14.4
Guwahati,gem_seamless,2026-09-24T07:00,35.4,0.0,12.4
Guwahati,gem_seamless,2026-09-24T08:00,34.8,0.0,10.4
Guwahati,gem_seamless,2026-09-24T09:00,33.9,0.1,8.9
Guwahati,gem_seamless,2026-09-24T10:00,32.8,0.5,8.4
Guwahati,gem_seamless,2026-09-24T11:00,31.5,0.8,8.9
Guwahati,gem_seamless,2026-09-24T12:00,30.0,0.9,10.4
Guwahati,gem_seamless,2026-09-24T13:00,28.6,1.0,12.4
Guwahati,gem_seamless,2026-09-24T14:00,27.3,0.9,14.4
Guwahati,gem_seamless,2026-09-24T15:00,26.2,0.8,15.9
Guwahati,gem_seamless,2026-09-24T16:00,25.3,0.5,16.4
Guwahati,gem_seamless,2026-09-24T17:00,24.7,0.1,15.9
Guwahati,gem_seamless,2026-09-24T18:00,24.5,0.0,14.4
Guwahati,gem_seamless,2026-09-24T19:00,24.7,0.0,12.4
Guwahati,gem_seamless,2026-09-24T20:00,25.3,0.0,10.4
Guwahati,gem_seamless,2026-09-24T21:00,26.2,0.0,8.9
Guwahati,gem_seamless,2026-09-24T22:00,27.3,0.0,8.4
Guwahati,gem_seamless,2026-09-24T23:00,28.6,0.0,8.9
Guwahati,gem_seamless,2026-09-25T00:00,30.0,0.0,10.4
Guwahati,gem_seamless,2026-09-25T01:00,31.5,0.0,12.4
Guwahati,gem_seamless,2026-09-25T02:00,32.8,0.0,14.4
Guwahati,gem_seamless,2026-09-25T03:00,33.9,0.0,15.9
Guwahati,gem_seamless,2026-09-25T04:00,34.8,0.0,16.4
Guwahati,gem_seamless,2026-09-25T05:00,35.4,0.0,15.9
Guwahati,gem_seamless,2026-09-25T06:00,35.5,0.0,14.4
Guwahati,gem_seamless,2026-09-25T07:00,35.4,0.0,12.4
Guwahati,gem_seamless,2026-09-25T08:00,34.8,0.0,10.4
Guwahati,gem_seamless,2026-09-25T09:00,33.9,0.0,8.9
Guwahati,gem_seamless,2026-09-25T10:00,32.8,0.0,8.4
Guwahati,gem_seamless,2026-09-25T11:00,31.5,0.0,8.9
Guwahati,gem_seamless,2026-09-25T12:00,30.0,0.0,10.4
Guwahati,gem_seamless,2026-09-25T13:00,28.6,0.0,12.4
Guwahati,gem_seamless,2026-09-25T14:00,27.3,0.0,14.4
Guwahati,gem_seamless,2026-09-25T15:00,26.2,0.0,15.9
