city,scenario,severity,badge,tone,headline,category,action,evidence,rank
Agartala,calm,none,All Clear,muted,No hazard thresholds crossed in the next 72h.,Rain Outlook,stays below 4 mm through 72h (peak 0.9 mm); 3.1 mm of headroom before any alert.,stays below 4 mm through 72h (peak 0.9 mm),1
Agartala,calm,none,All Clear,muted,No hazard thresholds crossed in the next 72h.,Temperature,stays below 35 °C through 72h (peak 33.0 °C); 2.0°C below the heat-alert line.,stays below 35 °C through 72h (peak 33.0 °C),2
Agartala,calm,none,All Clear,muted,No hazard thresholds crossed in the next 72h.,Wind,stays below 25 km/h through 72h (peak 6.8 km/h); 18.2 km/h below the wind-alert line.,stays below 25 km/h through 72h (peak 6.8 km/h),3
Agra,calm,none,All Clear,muted,No hazard thresholds crossed in the next 72h.,Rain Outlook,stays below 4 mm through 72h (peak 0.2 mm); 3.8 mm of headroom before any alert.,stays below 4 mm through 72h (peak 0.2 mm),1
Agra,calm,none,All Clear,muted,No hazard thresholds crossed in the next 72h.,Temperature,stays below 35 °C through 72h (peak 33.2 °C); 1.8°C below the heat-alert line.,stays below 35 °C through 72h (peak 33.2 °C),2
Agra,calm,none,All Clear,muted,No hazard thresholds crossed in the next 72h.,Wind,stays below 25 km/h through 72h (peak 9.7 km/h); 15.3 km/h below the wind-alert line.,stays below 25 km/h through 72h (peak 9.7 km/h),3
Ahmedabad,calm,none,All Clear,muted,No hazard thresholds crossed in the next 72h.,Rain Outlook,stays below 4 mm through 72h (peak 0.1 mm); 3.9 mm of headroom before any alert.,stays below 4 mm through 72h (peak 0.1 mm),1
Ahmedabad,calm,none,All Clear,muted,No hazard thresholds crossed in the next 72h.,Temperature,"peak 35.8 °C around 14:00 IST, 10h above 35 °C; -0.8°C below the heat-alert line.","peak 35.8 °C around 14:00 IST, 10h above 35 °C",2
Ahmedabad,calm,none,All Clear,muted,No hazard thresholds crossed in the next 72h.,Wind,stays below 25 km/h through 72h (peak 8.6 km/h); 16.4 km/h below the wind-alert line.,stays below 25 km/h through 72h (peak 8.6 km/h),3
Amritsar,calm,none,All Clear,muted,No hazard thresholds crossed in the next 72h.,Rain Outlook,stays below 4 mm through 72h (peak 0.5 mm); 3.5 mm of headroom before any alert.,stays below 4 mm through 72h (peak 0.5 mm),1
Amritsar,calm,none,All Clear,muted,No hazard thresholds crossed in the next 72h.,Temperature,stays below 35 °C through 72h (peak 31.4 °C); 3.6°C below the heat-alert line.,stays below 35 °C through 72h (peak 31.4 °C),2
Amritsar,calm,none,All Clear,muted,No hazard thresholds crossed in the next 72h.,Wind,stays below 25 km/h through 72h (peak 10.9 km/h); 14.1 km/h below the wind-alert line.,stays below 25 km/h through 72h (peak 10.9 km/h),3
Bengaluru,calm,none,All Clear,muted,No hazard thresholds crossed in the next 72h.,Rain Outlook,stays below 4 mm through 72h (peak 0.7 mm); 3.3 mm of headroom before any alert.,stays below 4 mm through 72h (peak 0.7 mm),1
Bengaluru,calm,none,All Clear,muted,No hazard thresholds crossed in the next 72h.,Temperature,stays below 35 °C through 72h (peak 30.6 °C); 4.4°C below the heat-alert line.,stays below 35 °C through 72h (peak 30.6 °C),2
Bengaluru,calm,none,All Clear,muted,No hazard thresholds crossed in the next 72h.,Wind,stays below 25 km/h through 72h (peak 13.0 km/h); 12.0 km/h below the wind-alert line.,stays below 25 km/h through 72h (peak 13.0 km/h),3
Bhopal,calm,none,All Clear,muted,No hazard thresholds crossed in the next 72h.,Rain Outlook,stays below 4 mm through 72h (peak 0.1 mm); 3.9 mm of headroom before any alert.,stays below 4 mm through 72h (peak 0.1 mm),1
Bhopal,calm,none,All Clear,muted,No hazard thresholds crossed in the next 72h.,Temperature,stays below 35 °C through 72h (peak 33.8 °C); 1.2°C below the heat-alert line.,stays below 35 °C through 72h (peak 33.8 °C),2
Bhopal,calm,none,All Clear,muted,No hazard thresholds crossed in the next 72h.,Wind,stays below 25 km/h through 72h (peak 9.5 km/h); 15.5 km/h below the wind-alert line.,stays below 25 km/h through 72h (peak 9.5 km/h),3
Bhubaneswar,calm,none,All Clear,muted,No hazard thresholds crossed in the next 72h.,Rain Outlook,stays below 4 mm through 72h (peak 0.9 mm); 3.1 mm of headroom before any alert.,stays below 4 mm through 72h (peak 0.9 mm),1
Bhubaneswar,calm,none,All Clear,muted,No hazard thresholds crossed in the next 72h.,Temperature,stays below 35 °C through 72h (peak 33.1 °C); 1.9°C below the heat-alert line.,stays below 35 °C through 72h (peak 33.1 °C),2
Bhubaneswar,calm,none,All Clear,muted,No hazard thresholds crossed in the next 72h.,Wind,stays below 25 km/h through 72h (peak 7.8 km/h); 17.2 km/h below the wind-alert line.,stays below 25 km/h through 72h (peak 7.8 km/h),3
Chandigarh,calm,none,All Clear,muted,No hazard thresholds crossed in the next 72h.,Rain Outlook,stays below 4 mm through 72h (peak 0.7 mm); 3.3 mm of headroom before any alert.,stays below 4 mm through 72h (peak 0.7 mm),1
Chandigarh,calm,none,All Clear,muted,No hazard thresholds crossed in the next 72h.,Temperature,stays below 35 °C through 72h (peak 29.6 °C); 5.4°C below the heat-alert line.,stays below 35 °C through 72h (peak 29.6 °C),2
Chandigarh,calm,none,All Clear,muted,No hazard thresholds crossed in the next 72h.,Wind,stays below 25 km/h through 72h (peak 12.8 km/h); 12.2 km/h below the wind-alert line.,stays below 25 km/h through 72h (peak 12.8 km/h),3
Chennai,calm,none,All Clear,muted,No hazard thresholds crossed in the next 72h.,Rain Outlook,stays below 4 mm through 72h (peak 0.2 mm); 3.8 mm of headroom before any alert.,stays below 4 mm through 72h (peak 0.2 mm),1
Chennai,calm,none,All Clear,muted,No hazard thresholds crossed in the next 72h.,Temperature,stays below 35 °C through 72h (peak 32.9 °C); 2.1°C below the heat-alert line.,stays below 35 °C through 72h (peak 32.9 °C),2
Chennai,calm,none,All Clear,muted,No hazard thresholds crossed in the next 72h.,Wind,stays below 25 km/h through 72h (peak 12.6 km/h); 12.4 km/h below the wind-alert line.,stays below 25 km/h through 72h (peak 12.6 km/h),3
Coimbatore,calm,none,All Clear,muted,No hazard thresholds crossed in the next 72h.,Rain Outlook,stays below 4 mm through 72h (peak 1.1 mm); 2.9 mm of headroom before any alert.,stays below 4 mm through 72h (peak 1.1 mm),1
Coimbatore,calm,none,All Clear,muted,No hazard thresholds crossed in the next 72h.,Temperature,stays below 35 °C through 72h (peak 32.2 °C); 2.8°C below the heat-alert line.,stays below 35 °C through 72h (peak 32.2 °C),2
Coimbatore,calm,none,All Clear,muted,No hazard thresholds crossed in the next 72h.,Wind,stays below 25 km/h through 72h (peak 10.5 km/h); 14.5 km/h below the wind-alert line.,stays below 25 km/h through 72h (peak 10.5 km/h),3
Dehradun,calm,none,All Clear,muted,No hazard thresholds crossed in the next 72h.,Rain Outlook,stays below 4 mm through 72h (peak 0.8 mm); 3.2 mm of headroom before any alert.,stays below 4 mm through 72h (peak 0.8 mm),1
Dehradun,calm,none,All Clear,muted,No hazard thresholds crossed in the next 72h.,Temperature,stays below 35 °C through 72h (peak 26.8 °C); 8.2°C below the heat-alert line.,stays below 35 °C through 72h (peak 26.8 °C),2
Dehradun,calm,none,All Clear,muted,No hazard thresholds crossed in the next 72h.,Wind,stays below 25 km/h through 72h (peak 6.1 km/h); 18.9 km/h below the wind-alert line.,stays below 25 km/h through 72h (peak 6.1 km/h),3
Delhi,calm,none,All Clear,muted,No hazard thresholds crossed in the next 72h.,Rain Outlook,stays below 4 mm through 72h (peak 0.3 mm); 3.7 mm of headroom before any alert.,stays below 4 mm through 72h (peak 0.3 mm),1
Delhi,calm,none,All Clear,muted,No hazard thresholds crossed in the next 72h.,Temperature,stays below 35 °C through 72h (peak 31.5 °C); 3.5°C below the heat-alert line.,stays below 35 °C through 72h (peak 31.5 °C),2
Delhi,calm,none,All Clear,muted,No hazard thresholds crossed in the next 72h.,Wind,stays below 25 km/h through 72h (peak 9.9 km/h); 15.1 km/h below the wind-alert line.,stays below 25 km/h through 72h (peak 9.9 km/h),3
Ghaziabad,calm,none,All Clear,muted,No hazard thresholds crossed in the next 72h.,Rain Outlook,stays below 4 mm through 72h (peak 0.3 mm); 3.7 mm of headroom before any alert.,stays below 4 mm through 72h (peak 0.3 mm),1
Ghaziabad,calm,none,All Clear,muted,No hazard thresholds crossed in the next 72h.,Temperature,stays below 35 °C through 72h (peak 30.3 °C); 4.7°C below the heat-alert line.,stays below 35 °C through 72h (peak 30.3 °C),2
Ghaziabad,calm,none,All Clear,muted,No hazard thresholds crossed in the next 72h.,Wind,stays below 25 km/h through 72h (peak 12.0 km/h); 13.0 km/h below the wind-alert line.,stays below 25 km/h through 72h (peak 12.0 km/h),3
Goa,calm,none,All Clear,muted,No hazard thresholds crossed in the next 72h.,Rain Outlook,stays below 4 mm through 72h (peak 0.6 mm); 3.4 mm of headroom before any alert.,stays below 4 mm through 72h (peak 0.6 mm),1
Goa,calm,none,All Clear,muted,No hazard thresholds crossed in the next 72h.,Temperature,stays below 35 °C through 72h (peak 34.5 °C); 0.5°C below the heat-alert line.,stays below 35 °C through 72h (peak 34.5 °C),2
Goa,calm,none,All Clear,muted,No hazard thresholds crossed in the next 72h.,Wind,stays below 25 km/h through 72h (peak 9.3 km/h); 15.7 km/h below the wind-alert line.,stays below 25 km/h through 72h (peak 9.3 km/h),3
Guwahati,calm,none,All Clear,muted,No hazard thresholds crossed in the next 72h.,Rain Outlook,stays below 4 mm through 72h (peak 1.4 mm); 2.6 mm of headroom before any alert.,stays below 4 mm through 72h (peak 1.4 mm),1
Guwahati,calm,none,All Clear,muted,No hazard thresholds crossed in the next 72h.,Temperature,stays below 35 °C through 72h (peak 31.9 °C); 3.1°C below the heat-alert line.,stays below 35 °C through 72h (peak 31.9 °C),2
Guwahati,calm,none,All Clear,muted,No hazard thresholds crossed in the next 72h.,Wind,stays below 25 km/h through 72h (peak 11.8 km/h); 13.2 km/h below the wind-alert line.,stays below 25 km/h through 72h (peak 11.8 km/h),3
Hyderabad,calm,none,All Clear,muted,No hazard thresholds crossed in the next 72h.,Rain Outlook,stays below 4 mm through 72h (peak 0.2 mm); 3.8 mm of headroom before any alert.,stays below 4 mm through 72h (peak 0.2 mm),1
Hyderabad,calm,none,All Clear,muted,No hazard thresholds crossed in the next 72h.,Temperature,stays below 35 °C through 72h (peak 33.6 °C); 1.4°C below the heat-alert line.,stays below 35 °C through 72h (peak 33.6 °C),2
Hyderabad,calm,none,All Clear,muted,No hazard thresholds crossed in the next 72h.,Wind,stays below 25 km/h through 72h (peak 10.8 km/h); 14.2 km/h below the wind-alert line.,stays below 25 km/h through 72h (peak 10.8 km/h),3
Imphal,calm,none,All Clear,muted,No hazard thresholds crossed in the next 72h.,Rain Outlook,stays below 4 mm through 72h (peak 0.4 mm); 3.6 mm of headroom before any alert.,stays below 4 mm through 72h (peak 0.4 mm),1
Imphal,calm,none,All Clear,muted,No hazard thresholds crossed in the next 72h.,Temperature,stays below 35 °C through 72h (peak 28.8 °C); 6.2°C below the heat-alert line.,stays below 35 °C through 72h (peak 28.8 °C),2
Imphal,calm,none,All Clear,muted,No hazard thresholds crossed in the next 72h.,Wind,stays below 25 km/h through 72h (peak 7.5 km/h); 17.5 km/h below the wind-alert line.,stays below 25 km/h through 72h (peak 7.5 km/h),3
Indore,calm,none,All Clear,muted,No hazard thresholds crossed in the next 72h.,Rain Outlook,stays below 4 mm through 72h (peak 0.1 mm); 3.9 mm of headroom before any alert.,stays below 4 mm through 72h (peak 0.1 mm),1
Indore,calm,none,All Clear,muted,No hazard thresholds crossed in the next 72h.,Temperature,stays below 35 °C through 72h (peak 33.9 °C); 1.1°C below the heat-alert line.,stays below 35 °C through 72h (peak 33.9 °C),2
Indore,calm,none,All Clear,muted,No hazard thresholds crossed in the next 72h.,Wind,stays below 25 km/h through 72h (peak 7.9 km/h); 17.1 km/h below the wind-alert line.,stays below 25 km/h through 72h (peak 7.9 km/h),3
Jabalpur,calm,none,All Clear,muted,No hazard thresholds crossed in the next 72h.,Rain Outlook,stays below 4 mm through 72h (peak 0.2 mm); 3.8 mm of headroom before any alert.,stays below 4 mm through 72h (peak 0.2 mm),1
Jabalpur,calm,none,All Clear,muted,No hazard thresholds crossed in the next 72h.,Temperature,stays below 35 °C through 72h (peak 33.1 °C); 1.9°C below the heat-alert line.,stays below 35 °C through 72h (peak 33.1 °C),2
Jabalpur,calm,none,All Clear,muted,No hazard thresholds crossed in the next 72h.,Wind,stays below 25 km/h through 72h (peak 10.7 km/h); 14.3 km/h below the wind-alert line.,stays below 25 km/h through 72h (peak 10.7 km/h),3
Jaipur,calm,none,All Clear,muted,No hazard thresholds crossed in the next 72h.,Rain Outlook,stays below 4 mm through 72h (peak 0.1 mm); 3.9 mm of headroom before any alert.,stays below 4 mm through 72h (peak 0.1 mm),1
Jaipur,calm,none,All Clear,muted,No hazard thresholds crossed in the next 72h.,Temperature,stays below 35 °C through 72h (peak 33.9 °C); 1.1°C below the heat-alert line.,stays below 35 °C through 72h (peak 33.9 °C),2
Jaipur,calm,none,All Clear,muted,No hazard thresholds crossed in the next 72h.,Wind,stays below 25 km/h through 72h (peak 11.4 km/h); 13.6 km/h below the wind-alert line.,stays below 25 km/h through 72h (peak 11.4 km/h),3
Jodhpur,calm,none,All Clear,muted,No hazard thresholds crossed in the next 72h.,Rain Outlook,stays below 4 mm through 72h (peak 0.1 mm); 3.9 mm of headroom before any alert.,stays below 4 mm through 72h (peak 0.1 mm),1
Jodhpur,calm,none,All Clear,muted,No hazard thresholds crossed in the next 72h.,Temperature,"peak 35.1 °C around 14:00 IST, 2h above 35 °C; -0.1°C below the heat-alert line.","peak 35.1 °C around 14:00 IST, 2h above 35 °C",2
Jodhpur,calm,none,All Clear,muted,No hazard thresholds crossed in the next 72h.,Wind,stays below 25 km/h through 72h (peak 14.2 km/h); 10.8 km/h below the wind-alert line.,stays below 25 km/h through 72h (peak 14.2 km/h),3
Kanpur,calm,none,All Clear,muted,No hazard thresholds crossed in the next 72h.,Rain Outlook,stays below 4 mm through 72h (peak 0.3 mm); 3.7 mm of headroom before any alert.,stays below 4 mm through 72h (peak 0.3 mm),1
Kanpur,calm,none,All Clear,muted,No hazard thresholds crossed in the next 72h.,Temperature,stays below 35 °C through 72h (peak 32.1 °C); 2.9°C below the heat-alert line.,stays below 35 °C through 72h (peak 32.1 °C),2
Kanpur,calm,none,All Clear,muted,No hazard thresholds crossed in the next 72h.,Wind,stays below 25 km/h through 72h (peak 7.6 km/h); 17.4 km/h below the wind-alert line.,stays below 25 km/h through 72h (peak 7.6 km/h),3
Kochi,calm,none,All Clear,muted,No hazard thresholds crossed in the next 72h.,Rain Outlook,stays below 4 mm through 72h (peak 3.7 mm); 0.3 mm of headroom before any alert.,stays below 4 mm through 72h (peak 3.7 mm),1
Kochi,calm,none,All Clear,muted,No hazard thresholds crossed in the next 72h.,Temperature,stays below 35 °C through 72h (peak 32.4 °C); 2.6°C below the heat-alert line.,stays below 35 °C through 72h (peak 32.4 °C),2
Kochi,calm,none,All Clear,muted,No hazard thresholds crossed in the next 72h.,Wind,stays below 25 km/h through 72h (peak 13.1 km/h); 11.9 km/h below the wind-alert line.,stays below 25 km/h through 72h (peak 13.1 km/h),3
Kolkata,calm,none,All Clear,muted,No hazard thresholds crossed in the next 72h.,Rain Outlook,stays below 4 mm through 72h (peak 0.6 mm); 3.4 mm of headroom before any alert.,stays below 4 mm through 72h (peak 0.6 mm),1
Kolkata,calm,none,All Clear,muted,No hazard thresholds crossed in the next 72h.,Temperature,stays below 35 °C through 72h (peak 32.4 °C); 2.6°C below the heat-alert line.,stays below 35 °C through 72h (peak 32.4 °C),2
Kolkata,calm,none,All Clear,muted,No hazard thresholds crossed in the next 72h.,Wind,stays below 25 km/h through 72h (peak 6.3 km/h); 18.7 km/h below the wind-alert line.,stays below 25 km/h through 72h (peak 6.3 km/h),3
Kota,calm,none,All Clear,muted,No hazard thresholds crossed in the next 72h.,Rain Outlook,stays below 4 mm through 72h (peak 0.1 mm); 3.9 mm of headroom before any alert.,stays below 4 mm through 72h (peak 0.1 mm),1
Kota,calm,none,All Clear,muted,No hazard thresholds crossed in the next 72h.,Temperature,stays below 35 °C through 72h (peak 34.8 °C); 0.2°C below the heat-alert line.,stays below 35 °C through 72h (peak 34.8 °C),2
Kota,calm,none,All Clear,muted,No hazard thresholds crossed in the next 72h.,Wind,stays below 25 km/h through 72h (peak 9.2 km/h); 15.8 km/h below the wind-alert line.,stays below 25 km/h through 72h (peak 9.2 km/h),3
Lucknow,calm,none,All Clear,muted,No hazard thresholds crossed in the next 72h.,Rain Outlook,stays below 4 mm through 72h (peak 0.2 mm); 3.8 mm of headroom before any alert.,stays below 4 mm through 72h (peak 0.2 mm),1
Lucknow,calm,none,All Clear,muted,No hazard thresholds crossed in the next 72h.,Temperature,stays below 35 °C through 72h (peak 31.4 °C); 3.6°C below the heat-alert line.,stays below 35 °C through 72h (peak 31.4 °C),2
Lucknow,calm,none,All Clear,muted,No hazard thresholds crossed in the next 72h.,Wind,stays below 25 km/h through 72h (peak 7.3 km/h); 17.7 km/h below the wind-alert line.,stays below 25 km/h through 72h (peak 7.3 km/h),3
Ludhiana,calm,none,All Clear,muted,No hazard thresholds crossed in the next 72h.,Rain Outlook,stays below 4 mm through 72h (peak 0.3 mm); 3.7 mm of headroom before any alert.,stays below 4 mm through 72h (peak 0.3 mm),1
Ludhiana,calm,none,All Clear,muted,No hazard thresholds crossed in the next 72h.,Temperature,stays below 35 °C through 72h (peak 30.9 °C); 4.1°C below the heat-alert line.,stays below 35 °C through 72h (peak 30.9 °C),2
Ludhiana,calm,none,All Clear,muted,No hazard thresholds crossed in the next 72h.,Wind,stays below 25 km/h through 72h (peak 12.6 km/h); 12.4 km/h below the wind-alert line.,stays below 25 km/h through 72h (peak 12.6 km/h),3
Madurai,calm,none,All Clear,muted,No hazard thresholds crossed in the next 72h.,Rain Outlook,stays below 4 mm through 72h (peak 2.6 mm); 1.4 mm of headroom before any alert.,stays below 4 mm through 72h (peak 2.6 mm),1
Madurai,calm,none,All Clear,muted,No hazard thresholds crossed in the next 72h.,Temperature,stays below 35 °C through 72h (peak 34.2 °C); 0.8°C below the heat-alert line.,stays below 35 °C through 72h (peak 34.2 °C),2
Madurai,calm,none,All Clear,muted,No hazard thresholds crossed in the next 72h.,Wind,stays below 25 km/h through 72h (peak 11.5 km/h); 13.5 km/h below the wind-alert line.,stays below 25 km/h through 72h (peak 11.5 km/h),3
Mumbai,calm,none,All Clear,muted,No hazard thresholds crossed in the next 72h.,Rain Outlook,stays below 4 mm through 72h (peak 0.1 mm); 3.9 mm of headroom before any alert.,stays below 4 mm through 72h (peak 0.1 mm),1
Mumbai,calm,none,All Clear,muted,No hazard thresholds crossed in the next 72h.,Temperature,"peak 35.8 °C around 13:00 IST, 8h above 35 °C; -0.8°C below the heat-alert line.","peak 35.8 °C around 13:00 IST, 8h above 35 °C",2
Mumbai,calm,none,All Clear,muted,No hazard thresholds crossed in the next 72h.,Wind,stays below 25 km/h through 72h (peak 9.4 km/h); 15.6 km/h below the wind-alert line.,stays below 25 km/h through 72h (peak 9.4 km/h),3
Nagpur,calm,none,All Clear,muted,No hazard thresholds crossed in the next 72h.,Rain Outlook,stays below 4 mm through 72h (peak 0.2 mm); 3.8 mm of headroom before any alert.,stays below 4 mm through 72h (peak 0.2 mm),1
Nagpur,calm,none,All Clear,muted,No hazard thresholds crossed in the next 72h.,Temperature,stays below 35 °C through 72h (peak 34.4 °C); 0.6°C below the heat-alert line.,stays below 35 °C through 72h (peak 34.4 °C),2
Nagpur,calm,none,All Clear,muted,No hazard thresholds crossed in the next 72h.,Wind,stays below 25 km/h through 72h (peak 8.4 km/h); 16.6 km/h below the wind-alert line.,stays below 25 km/h through 72h (peak 8.4 km/h),3
Nashik,calm,none,All Clear,muted,No hazard thresholds crossed in the next 72h.,Rain Outlook,stays below 4 mm through 72h (peak 0.1 mm); 3.9 mm of headroom before any alert.,stays below 4 mm through 72h (peak 0.1 mm),1
Nashik,calm,none,All Clear,muted,No hazard thresholds crossed in the next 72h.,Temperature,stays below 35 °C through 72h (peak 33.3 °C); 1.7°C below the heat-alert line.,stays below 35 °C through 72h (peak 33.3 °C),2
Nashik,calm,none,All Clear,muted,No hazard thresholds crossed in the next 72h.,Wind,stays below 25 km/h through 72h (peak 10.7 km/h); 14.3 km/h below the wind-alert line.,stays below 25 km/h through 72h (peak 10.7 km/h),3
Patna,calm,none,All Clear,muted,No hazard thresholds crossed in the next 72h.,Rain Outlook,stays below 4 mm through 72h (peak 0.4 mm); 3.6 mm of headroom before any alert.,stays below 4 mm through 72h (peak 0.4 mm),1
Patna,calm,none,All Clear,muted,No hazard thresholds crossed in the next 72h.,Temperature,stays below 35 °C through 72h (peak 30.9 °C); 4.1°C below the heat-alert line.,stays below 35 °C through 72h (peak 30.9 °C),2
Patna,calm,none,All Clear,muted,No hazard thresholds crossed in the next 72h.,Wind,stays below 25 km/h through 72h (peak 6.2 km/h); 18.8 km/h below the wind-alert line.,stays below 25 km/h through 72h (peak 6.2 km/h),3
Pune,calm,none,All Clear,muted,No hazard thresholds crossed in the next 72h.,Rain Outlook,stays below 4 mm through 72h (peak 0.1 mm); 3.9 mm of headroom before any alert.,stays below 4 mm through 72h (peak 0.1 mm),1
Pune,calm,none,All Clear,muted,No hazard thresholds crossed in the next 72h.,Temperature,stays below 35 °C through 72h (peak 33.3 °C); 1.7°C below the heat-alert line.,stays below 35 °C through 72h (peak 33.3 °C),2
Pune,calm,none,All Clear,muted,No hazard thresholds crossed in the next 72h.,Wind,stays below 25 km/h through 72h (peak 9.9 km/h); 15.1 km/h below the wind-alert line.,stays below 25 km/h through 72h (peak 9.9 km/h),3
Raipur,calm,none,All Clear,muted,No hazard thresholds crossed in the next 72h.,Rain Outlook,stays below 4 mm through 72h (peak 0.2 mm); 3.8 mm of headroom before any alert.,stays below 4 mm through 72h (peak 0.2 mm),1
Raipur,calm,none,All Clear,muted,No hazard thresholds crossed in the next 72h.,Temperature,stays below 35 °C through 72h (peak 33.5 °C); 1.5°C below the heat-alert line.,stays below 35 °C through 72h (peak 33.5 °C),2
Raipur,calm,none,All Clear,muted,No hazard thresholds crossed in the next 72h.,Wind,stays below 25 km/h through 72h (peak 7.7 km/h); 17.3 km/h below the wind-alert line.,stays below 25 km/h through 72h (peak 7.7 km/h),3
Ranchi,calm,none,All Clear,muted,No hazard thresholds crossed in the next 72h.,Rain Outlook,stays below 4 mm through 72h (peak 0.3 mm); 3.7 mm of headroom before any alert.,stays below 4 mm through 72h (peak 0.3 mm),1
Ranchi,calm,none,All Clear,muted,No hazard thresholds crossed in the next 72h.,Temperature,stays below 35 °C through 72h (peak 27.7 °C); 7.3°C below the heat-alert line.,stays below 35 °C through 72h (peak 27.7 °C),2
Ranchi,calm,none,All Clear,muted,No hazard thresholds crossed in the next 72h.,Wind,stays below 25 km/h through 72h (peak 14.4 km/h); 10.6 km/h below the wind-alert line.,stays below 25 km/h through 72h (peak 14.4 km/h),3
Shillong,calm,none,All Clear,muted,No hazard thresholds crossed in the next 72h.,Rain Outlook,stays below 4 mm through 72h (peak 0.9 mm); 3.1 mm of headroom before any alert.,stays below 4 mm through 72h (peak 0.9 mm),1
Shillong,calm,none,All Clear,muted,No hazard thresholds crossed in the next 72h.,Temperature,stays below 35 °C through 72h (peak 25.3 °C); 9.7°C below the heat-alert line.,stays below 35 °C through 72h (peak 25.3 °C),2
Shillong,calm,none,All Clear,muted,No hazard thresholds crossed in the next 72h.,Wind,stays below 25 km/h through 72h (peak 9.6 km/h); 15.4 km/h below the wind-alert line.,stays below 25 km/h through 72h (peak 9.6 km/h),3
Shimla,calm,none,All Clear,muted,No hazard thresholds crossed in the next 72h.,Rain Outlook,stays below 4 mm through 72h (peak 0.5 mm); 3.5 mm of headroom before any alert.,stays below 4 mm through 72h (peak 0.5 mm),1
Shimla,calm,none,All Clear,muted,No hazard thresholds crossed in the next 72h.,Temperature,stays below 35 °C through 72h (peak 18.8 °C); 16.2°C below the heat-alert line.,stays below 35 °C through 72h (peak 18.8 °C),2
Shimla,calm,none,All Clear,muted,No hazard thresholds crossed in the next 72h.,Wind,stays below 25 km/h through 72h (peak 10.2 km/h); 14.8 km/h below the wind-alert line.,stays below 25 km/h through 72h (peak 10.2 km/h),3
Srinagar,calm,none,All Clear,muted,No hazard thresholds crossed in the next 72h.,Rain Outlook,stays below 4 mm through 72h (peak 0.2 mm); 3.8 mm of headroom before any alert.,stays below 4 mm through 72h (peak 0.2 mm),1
Srinagar,calm,none,All Clear,muted,No hazard thresholds crossed in the next 72h.,Temperature,stays below 35 °C through 72h (peak 24.1 °C); 10.9°C below the heat-alert line.,stays below 35 °C through 72h (peak 24.1 °C),2
Srinagar,calm,none,All Clear,muted,No hazard thresholds crossed in the next 72h.,Wind,stays below 25 km/h through 72h (peak 5.1 km/h); 19.9 km/h below the wind-alert line.,stays below 25 km/h through 72h (peak 5.1 km/h),3
Surat,calm,none,All Clear,muted,No hazard thresholds crossed in the next 72h.,Rain Outlook,stays below 4 mm through 72h (peak 0.0 mm); 4.0 mm of headroom before any alert.,stays below 4 mm through 72h (peak 0.0 mm),1
Surat,calm,none,All Clear,muted,No hazard thresholds crossed in the next 72h.,Temperature,"peak 36.1 °C around 13:00 IST, 10h above 35 °C; -1.1°C below the heat-alert line.","peak 36.1 °C around 13:00 IST, 10h above 35 °C",2
Surat,calm,none,All Clear,muted,No hazard thresholds crossed in the next 72h.,Wind,stays below 25 km/h through 72h (peak 9.4 km/h); 15.6 km/h below the wind-alert line.,stays below 25 km/h through 72h (peak 9.4 km/h),3
Thane,calm,none,All Clear,muted,No hazard thresholds crossed in the next 72h.,Rain Outlook,stays below 4 mm through 72h (peak 0.1 mm); 3.9 mm of headroom before any alert.,stays below 4 mm through 72h (peak 0.1 mm),1
Thane,calm,none,All Clear,muted,No hazard thresholds crossed in the next 72h.,Temperature,"peak 36.4 °C around 13:00 IST, 15h above 35 °C; -1.4°C below the heat-alert line.","peak 36.4 °C around 13:00 IST, 15h above 35 °C",2
Thane,calm,none,All Clear,muted,No hazard thresholds crossed in the next 72h.,Wind,stays below 25 km/h through 72h (peak 6.6 km/h); 18.4 km/h below the wind-alert line.,stays below 25 km/h through 72h (peak 6.6 km/h),3
Thiruvananthapuram,calm,none,All Clear,muted,No hazard thresholds crossed in the next 72h.,Rain Outlook,stays below 4 mm through 72h (peak 3.3 mm); 0.7 mm of headroom before any alert.,stays below 4 mm through 72h (peak 3.3 mm),1
Thiruvananthapuram,calm,none,All Clear,muted,No hazard thresholds crossed in the next 72h.,Temperature,stays below 35 °C through 72h (peak 31.9 °C); 3.1°C below the heat-alert line.,stays below 35 °C through 72h (peak 31.9 °C),2
Thiruvananthapuram,calm,none,All Clear,muted,No hazard thresholds crossed in the next 72h.,Wind,stays below 25 km/h through 72h (peak 11.9 km/h); 13.1 km/h below the wind-alert line.,stays below 25 km/h through 72h (peak 11.9 km/h),3
Vadodara,calm,none,All Clear,muted,No hazard thresholds crossed in the next 72h.,Rain Outlook,stays below 4 mm through 72h (peak 0.1 mm); 3.9 mm of headroom before any alert.,stays below 4 mm through 72h (peak 0.1 mm),1
Vadodara,calm,none,All Clear,muted,No hazard thresholds crossed in the next 72h.,Temperature,"peak 36.0 °C around 14:00 IST, 12h above 35 °C; -1.0°C below the heat-alert line.","peak 36.0 °C around 14:00 IST, 12h above 35 °C",2
Vadodara,calm,none,All Clear,muted,No hazard thresholds crossed in the next 72h.,Wind,stays below 25 km/h through 72h (peak 7.4 km/h); 17.6 km/h below the wind-alert line.,stays below 25 km/h through 72h (peak 7.4 km/h),3
Varanasi,calm,none,All Clear,muted,No hazard thresholds crossed in the next 72h.,Rain Outlook,stays below 4 mm through 72h (peak 0.3 mm); 3.7 mm of headroom before any alert.,stays below 4 mm through 72h (peak 0.3 mm),1
Varanasi,calm,none,All Clear,muted,No hazard thresholds crossed in the next 72h.,Temperature,stays below 35 °C through 72h (peak 31.6 °C); 3.4°C below the heat-alert line.,stays below 35 °C through 72h (peak 31.6 °C),2
Varanasi,calm,none,All Clear,muted,No hazard thresholds crossed in the next 72h.,Wind,stays below 25 km/h through 72h (peak 6.3 km/h); 18.7 km/h below the wind-alert line.,stays below 25 km/h through 72h (peak 6.3 km/h),3
Vijayawada,calm,none,All Clear,muted,No hazard thresholds crossed in the next 72h.,Rain Outlook,stays below 4 mm through 72h (peak 0.2 mm); 3.8 mm of headroom before any alert.,stays below 4 mm through 72h (peak 0.2 mm),1
Vijayawada,calm,none,All Clear,muted,No hazard thresholds crossed in the next 72h.,Temperature,stays below 35 °C through 72h (peak 34.6 °C); 0.4°C below the heat-alert line.,stays below 35 °C through 72h (peak 34.6 °C),2
Vijayawada,calm,none,All Clear,muted,No hazard thresholds crossed in the next 72h.,Wind,stays below 25 km/h through 72h (peak 10.0 km/h); 15.0 km/h below the wind-alert line.,stays below 25 km/h through 72h (peak 10.0 km/h),3
Visakhapatnam,calm,none,All Clear,muted,No hazard thresholds crossed in the next 72h.,Rain Outlook,stays below 4 mm through 72h (peak 0.2 mm); 3.8 mm of headroom before any alert.,stays below 4 mm through 72h (peak 0.2 mm),1
Visakhapatnam,calm,none,All Clear,muted,No hazard thresholds crossed in the next 72h.,Temperature,stays below 35 °C through 72h (peak 33.1 °C); 1.9°C below the heat-alert line.,stays below 35 °C through 72h (peak 33.1 °C),2
Visakhapatnam,calm,none,All Clear,muted,No hazard thresholds crossed in the next 72h.,Wind,stays below 25 km/h through 72h (peak 10.4 km/h); 14.6 km/h below the wind-alert line.,stays below 25 km/h through 72h (peak 10.4 km/h),3
