geo,variable,threshold,method,tier,mae,mae_ci_low,mae_ci_high,csi,csi_ci_low,csi_ci_high,n_pairs,cases,low_sample,frontier
IN,rainfall,4.0,ecmwf,model,0.237081,0.206696,0.272031,0.274322,0.216896,0.337312,65880,962.0,0,1
IN,rainfall,4.0,weighted_blend,blend,0.300817,0.264068,0.338231,0.126013,0.078613,0.180632,65880,962.0,0,0
IN,rainfall,4.0,equal_avg,baseline,0.336093,0.29554,0.377397,0.089226,0.052714,0.13284,65880,962.0,0,0
IN,rainfall,4.0,gfs,model,0.413368,0.356793,0.469305,0.041767,0.021019,0.066029,65880,962.0,0,0
IN,rainfall,4.0,icon,model,0.451025,0.393887,0.506294,0.071867,0.049837,0.097948,65880,962.0,0,0
IN,rainfall,4.0,gem,model,0.505477,0.436708,0.576262,0.055426,0.038019,0.077809,65880,962.0,0,0
IN,rainfall,8.0,ecmwf,model,0.237081,0.206696,0.272031,0.221154,0.137294,0.307884,65880,164.0,0,1
IN,rainfall,8.0,weighted_blend,blend,0.300817,0.264068,0.338231,0.032967,0.0,0.078634,65880,164.0,0,0
IN,rainfall,8.0,equal_avg,baseline,0.336093,0.29554,0.377397,0.029268,0.0,0.070421,65880,164.0,0,0
IN,rainfall,8.0,gfs,model,0.413368,0.356793,0.469305,0.020492,0.0,0.051116,65880,164.0,0,0
IN,rainfall,8.0,icon,model,0.451025,0.393887,0.506294,0.035484,0.009965,0.062706,65880,164.0,0,0
IN,rainfall,8.0,gem,model,0.505477,0.436708,0.576262,0.01378,0.001841,0.031198,65880,164.0,0,0
IN,temperature,35.0,ecmwf,model,0.454356,0.411604,0.50684,0.520694,0.282232,0.637078,65880,666.0,0,1
IN,temperature,35.0,weighted_blend,blend,0.520353,0.482906,0.569186,0.567787,0.416957,0.643228,65880,666.0,0,1
IN,temperature,35.0,equal_avg,baseline,0.676289,0.628268,0.729962,0.441921,0.275583,0.561519,65880,666.0,0,0
IN,temperature,35.0,icon,model,0.885733,0.816449,0.956828,0.38964,0.206103,0.548646,65880,666.0,0,0
IN,temperature,35.0,gem,model,1.179287,1.09418,1.291828,0.329795,0.141279,0.481973,65880,666.0,0,0
IN,temperature,35.0,gfs,model,1.440311,1.281708,1.625296,0.152522,0.065926,0.258837,65880,666.0,0,0
IN,temperature,37.0,ecmwf,model,0.454356,0.411604,0.50684,0.285714,0.0,0.666667,65880,151.0,0,1
IN,temperature,37.0,weighted_blend,blend,0.520353,0.482906,0.569186,0.339506,0.0,0.5,65880,151.0,0,1
IN,temperature,37.0,equal_avg,baseline,0.676289,0.628268,0.729962,0.260664,0.0,0.314702,65880,151.0,0,0
IN,temperature,37.0,icon,model,0.885733,0.816449,0.956828,0.364,0.033073,0.510801,65880,151.0,0,1
IN,temperature,37.0,gem,model,1.179287,1.09418,1.291828,0.208178,0.0,0.280492,65880,151.0,0,0
IN,temperature,37.0,gfs,model,1.440311,1.281708,1.625296,0.048826,0.00543,0.105266,65880,151.0,0,0
IN,wind_speed,25.0,ecmwf,model,1.592998,1.442151,1.760348,0.392226,0.233543,0.508545,65880,172.0,0,1
IN,wind_speed,25.0,weighted_blend,blend,1.633596,1.543778,1.735177,0.423077,0.234375,0.524406,65880,172.0,0,1
IN,wind_speed,25.0,equal_avg,baseline,2.139463,2.007233,2.277099,0.259336,0.145822,0.3676,65880,172.0,0,0
IN,wind_speed,25.0,icon,model,2.792518,2.560639,3.035527,0.159259,0.028439,0.249794,65880,172.0,0,0
IN,wind_speed,25.0,gem,model,3.796114,3.484707,4.135206,0.049875,0.016516,0.104256,65880,172.0,0,0
IN,wind_speed,25.0,gfs,model,4.550914,4.114663,5.049483,0.044917,0.016282,0.068283,65880,172.0,0,0
IN,wind_speed,32.0,ecmwf,model,1.592998,1.442151,1.760348,0.214286,0.0,0.375,65880,13.0,1,1
IN,wind_speed,32.0,weighted_blend,blend,1.633596,1.543778,1.735177,0.076923,0.0,0.142857,65880,13.0,1,0
IN,wind_speed,32.0,equal_avg,baseline,2.139463,2.007233,2.277099,0.0,0.0,0.0,65880,13.0,1,0
IN,wind_speed,32.0,icon,model,2.792518,2.560639,3.035527,0.0,0.0,0.0,65880,13.0,1,0
IN,wind_speed,32.0,gem,model,3.796114,3.484707,4.135206,0.0,0.0,0.0,65880,13.0,1,0
IN,wind_speed,32.0,gfs,model,4.550914,4.114663,5.049483,0.027431,0.0,0.042,65880,13.0,1,0
