city,model,variable,n,bias,mae,rmse,crps
Agartala,ecmwf,temperature,1464,-0.27397540983606555,0.42602459016393446,0.5725685107072793,0.42602459016393446
Agra,ecmwf,temperature,1464,-0.11386612021857925,0.36960382513661205,0.5895666186396645,0.36960382513661205
Ahmedabad,ecmwf,temperature,1464,0.4258196721311477,0.5670765027322404,0.7713978511823476,0.5670765027322404
Amritsar,ecmwf,temperature,1464,0.19460382513661204,0.45785519125683066,0.6108479728227305,0.45785519125683066
Bengaluru,ecmwf,temperature,1464,-0.10833333333333331,0.48251366120218586,0.7020656485424907,0.48251366120218586
Bhopal,ecmwf,temperature,1464,0.11325136612021862,0.296448087431694,0.4632240308233593,0.296448087431694
Bhubaneswar,ecmwf,temperature,1464,0.025546448087431728,0.3530054644808743,0.5686360826886728,0.3530054644808743
Chandigarh,ecmwf,temperature,1464,-0.17288251366120216,0.39241803278688525,0.5726997229592447,0.39241803278688525
Chennai,ecmwf,temperature,1464,-0.18265027322404367,0.5393442622950819,0.7531264525641843,0.5393442622950819
Coimbatore,ecmwf,temperature,1464,0.11803278688524589,0.330327868852459,0.4740823750791161,0.330327868852459
Dehradun,ecmwf,temperature,1464,0.1264344262295082,0.4552595628415301,0.6281151873061104,0.4552595628415301
Delhi,ecmwf,temperature,1464,0.026229508196721256,0.3986338797814208,0.6208798621945218,0.3986338797814208
Ghaziabad,ecmwf,temperature,1464,0.1002732240437159,0.4135245901639344,0.5939586561755806,0.4135245901639344
Goa,ecmwf,temperature,1464,-0.00034153005464484273,0.6532103825136611,0.859759942350157,0.6532103825136611
Guwahati,ecmwf,temperature,1464,-0.6877049180327869,0.8105191256830602,0.9837338260104502,0.8105191256830602
Hyderabad,ecmwf,temperature,1464,0.03709016393442619,0.36837431693989076,0.5030575910278171,0.36837431693989076
Imphal,ecmwf,temperature,1464,0.0183060109289617,0.2778688524590164,0.384110639798688,0.2778688524590164
Indore,ecmwf,temperature,1464,0.11755464480874314,0.3165983606557377,0.49971986688062675,0.3165983606557377
Jabalpur,ecmwf,temperature,1464,-0.08408469945355192,0.31277322404371594,0.5103371327573943,0.31277322404371594
Jaipur,ecmwf,temperature,1464,0.33715846994535514,0.5040983606557377,0.709267304540127,0.5040983606557377
Jodhpur,ecmwf,temperature,1464,-0.15976775956284164,0.27752732240437167,0.4715759533536679,0.27752732240437167
Kanpur,ecmwf,temperature,1464,0.057581967213114794,0.3073087431693989,0.5084598516746699,0.3073087431693989
Kochi,ecmwf,temperature,1464,0.3271857923497268,0.5978142076502733,0.7954876155215036,0.5978142076502733
Kolkata,ecmwf,temperature,1464,0.16564207650273224,0.43654371584699453,0.6450155672285849,0.43654371584699453
Kota,ecmwf,temperature,1464,-0.1960382513661203,0.4185792349726776,0.6384535619915298,0.4185792349726776
Lucknow,ecmwf,temperature,1464,0.0027322404371584795,0.3386612021857923,0.5259002170101911,0.3386612021857923
Ludhiana,ecmwf,temperature,1464,0.5605191256830602,0.7576502732240438,0.9678154093971985,0.7576502732240438
Madurai,ecmwf,temperature,1464,0.7039617486338797,0.8938524590163934,1.1540259773004042,0.8938524590163934
Mumbai,ecmwf,temperature,1464,0.21994535519125688,0.4905737704918033,0.6309417022942684,0.4905737704918033
Nagpur,ecmwf,temperature,1464,0.059357923497267685,0.3754781420765027,0.5411294098932029,0.3754781420765027
Nashik,ecmwf,temperature,1464,0.027663934426229577,0.2514344262295082,0.361018973813776,0.2514344262295082
Patna,ecmwf,temperature,1464,-0.2192622950819672,0.4047814207650273,0.6141434125247466,0.4047814207650273
Pune,ecmwf,temperature,1464,0.07076502732240438,0.31516393442622953,0.43592123417467477,0.31516393442622953
Raipur,ecmwf,temperature,1464,0.05853825136612027,0.3310792349726776,0.5161397807029059,0.3310792349726776
Ranchi,ecmwf,temperature,1464,-0.22868852459016395,0.4006830601092897,0.6004552007331037,0.4006830601092897
Shillong,ecmwf,temperature,1464,0.44808743169398907,0.6060109289617486,0.7671980814462869,0.6060109289617486
Shimla,ecmwf,temperature,1464,0.21953551912568303,0.6786885245901638,0.9110508554423215,0.6786885245901638
Srinagar,ecmwf,temperature,1464,0.6222677595628415,0.8699453551912568,1.0623718180474389,0.8699453551912568
Surat,ecmwf,temperature,1464,0.12452185792349738,0.3462431693989071,0.49780254825500875,0.3462431693989071
Thane,ecmwf,temperature,1464,-0.157308743169399,0.29474043715847004,0.43009244145499853,0.29474043715847004
Thiruvananthapuram,ecmwf,temperature,1464,-0.5827185792349727,0.6194672131147542,0.7844240168756731,0.6194672131147542
Vadodara,ecmwf,temperature,1464,0.14426229508196725,0.36174863387978146,0.4971915662517945,0.36174863387978146
Varanasi,ecmwf,temperature,1464,-0.025614754098360695,0.350068306010929,0.5491859350500798,0.350068306010929
Vijayawada,ecmwf,temperature,1464,0.46591530054644803,0.592964480874317,0.7521871569800185,0.592964480874317
Visakhapatnam,ecmwf,temperature,1464,0.03073770491803271,0.40355191256830597,0.6166297433931958,0.40355191256830597
Agartala,gfs,temperature,1464,0.36857923497267764,0.9116120218579234,1.1745711925374287,0.9116120218579234
Agra,gfs,temperature,1464,-1.5992486338797816,1.8850409836065574,2.342292032862921,1.8850409836065574
Ahmedabad,gfs,temperature,1464,-1.0172131147540981,1.271174863387978,1.569592373382094,1.271174863387978
Amritsar,gfs,temperature,1464,-1.4398224043715848,2.1344945355191256,2.7714920228618527,2.1344945355191256
Bengaluru,gfs,temperature,1464,-1.0604508196721312,1.2665983606557376,1.675158013915314,1.2665983606557376
Bhopal,gfs,temperature,1464,0.4382513661202186,0.9494535519125683,1.2876674383139417,0.9494535519125683
Bhubaneswar,gfs,temperature,1464,-0.6760928961748633,1.1288251366120219,1.5978169875436485,1.1288251366120219
Chandigarh,gfs,temperature,1464,-0.9907103825136613,1.4807377049180326,1.9949184077430115,1.4807377049180326
Chennai,gfs,temperature,1464,-1.845150273224044,1.9156420765027322,2.2925440446633325,1.9156420765027322
Coimbatore,gfs,temperature,1464,-0.5059426229508197,0.8191939890710382,1.1804851045088258,0.8191939890710382
Dehradun,gfs,temperature,1464,-0.27547814207650273,1.1243852459016392,1.4825372395547662,1.1243852459016392
Delhi,gfs,temperature,1464,-3.3670765027322407,3.427322404371585,3.7730837788453346,3.427322404371585
Ghaziabad,gfs,temperature,1464,-2.460382513661202,2.6133879781420766,3.049780517051316,2.6133879781420766
Goa,gfs,temperature,1464,0.18483606557377044,0.8280054644808743,1.0558515067809415,0.8280054644808743
Guwahati,gfs,temperature,1464,-0.039207650273224065,0.9404371584699454,1.3030911127344211,0.9404371584699454
Hyderabad,gfs,temperature,1464,-0.559016393442623,1.0831967213114755,1.3962038697488413,1.0831967213114755
Imphal,gfs,temperature,1464,1.576366120218579,1.7614754098360657,2.002979338262928,1.7614754098360657
Indore,gfs,temperature,1464,0.6425546448087431,1.005532786885246,1.287914080051782,1.005532786885246
Jabalpur,gfs,temperature,1464,0.7115437158469946,1.0631830601092895,1.3561864928094103,1.0631830601092895
Jaipur,gfs,temperature,1464,-1.7925546448087433,2.0011612021857923,2.429721194286952,2.0011612021857923
Jodhpur,gfs,temperature,1464,-1.8523907103825137,1.98422131147541,2.4278003379343853,1.98422131147541
Kanpur,gfs,temperature,1464,-0.755327868852459,1.3215846994535518,1.7371385302341447,1.3215846994535518
Kochi,gfs,temperature,1464,0.7824453551912568,1.3538934426229507,1.5691984832332144,1.3538934426229507
Kolkata,gfs,temperature,1464,-0.858674863387978,1.0985655737704918,1.5623188419571807,1.0985655737704918
Kota,gfs,temperature,1464,-0.8056693989071039,1.4189207650273226,1.9180708802438309,1.4189207650273226
Lucknow,gfs,temperature,1464,-1.7846994535519127,1.975,2.4842784353333456,1.975
Ludhiana,gfs,temperature,1464,-0.844603825136612,2.1511612021857927,2.6726261107511564,2.1511612021857927
Madurai,gfs,temperature,1464,0.8894808743169399,1.3558743169398908,1.772482436886481,1.3558743169398908
Mumbai,gfs,temperature,1464,-1.6691939890710383,1.7119535519125684,1.8947385447616418,1.7119535519125684
Nagpur,gfs,temperature,1464,0.5649590163934426,1.0381830601092896,1.374273280385065,1.0381830601092896
Nashik,gfs,temperature,1464,0.12267759562841526,0.53224043715847,0.7277951582346003,0.53224043715847
Patna,gfs,temperature,1464,-3.002459016393443,3.014754098360656,3.3391431609292117,3.014754098360656
Pune,gfs,temperature,1464,-0.4423497267759563,0.7009562841530054,0.8745100111278552,0.7009562841530054
Raipur,gfs,temperature,1464,0.4710382513661203,1.1687158469945356,1.5385084324505054,1.1687158469945356
Ranchi,gfs,temperature,1464,-0.303483606557377,0.8334016393442624,1.1814221077672924,0.8334016393442624
Shillong,gfs,temperature,1464,1.1782103825136612,1.3611338797814208,1.6158939903279985,1.3611338797814208
Shimla,gfs,temperature,1464,0.27281420765027325,0.9061475409836065,1.228731630896278,0.9061475409836065
Srinagar,gfs,temperature,1464,0.9467896174863387,2.0480191256830604,2.5233838088952174,2.0480191256830604
Surat,gfs,temperature,1464,0.0120901639344263,0.701707650273224,0.9454557694688092,0.701707650273224
Thane,gfs,temperature,1464,-1.651707650273224,1.6880464480874318,1.8803539226212014,1.6880464480874318
Thiruvananthapuram,gfs,temperature,1464,-0.3578551912568307,1.0604508196721312,1.3471509097983387,1.0604508196721312
Vadodara,gfs,temperature,1464,-1.410860655737705,1.6153688524590164,1.8845956647705977,1.6153688524590164
Varanasi,gfs,temperature,1464,-0.973292349726776,1.4605874316939893,1.8897751188964256,1.4605874316939893
Vijayawada,gfs,temperature,1464,0.08142076502732244,1.2438524590163935,1.5790292376436015,1.2438524590163935
Visakhapatnam,gfs,temperature,1464,-0.9391393442622952,1.4584016393442623,1.7896617960559738,1.4584016393442623
Agartala,icon,temperature,1464,-0.9575136612021857,1.110655737704918,1.3895786993720918,1.110655737704918
Agra,icon,temperature,1464,-0.20109289617486345,0.8346994535519126,1.157548285293916,0.8346994535519126
Ahmedabad,icon,temperature,1464,0.027527322404371654,0.6786202185792349,0.8997305303936309,0.6786202185792349
Amritsar,icon,temperature,1464,-0.7833333333333333,1.0654371584699454,1.3561537543599105,1.0654371584699454
Bengaluru,icon,temperature,1464,-0.29556010928961746,0.8038934426229507,1.0747759964862216,0.8038934426229507
Bhopal,icon,temperature,1464,-0.01912568306010927,0.7527322404371585,0.9996994083742498,0.7527322404371585
Bhubaneswar,icon,temperature,1464,-0.4902322404371584,0.8122267759562841,1.1226888829363424,0.8122267759562841
Chandigarh,icon,temperature,1464,-1.2693306010928962,1.4727459016393443,1.744728594610766,1.4727459016393443
Chennai,icon,temperature,1464,-0.4985655737704917,1.0790300546448088,1.500776210823145,1.0790300546448088
Coimbatore,icon,temperature,1464,-0.9237021857923499,1.0137295081967215,1.2191129311092612,1.0137295081967215
Dehradun,icon,temperature,1464,-0.6980191256830601,1.0395491803278687,1.3022547701347835,1.0395491803278687
Delhi,icon,temperature,1464,-0.9192622950819673,1.1472677595628415,1.4797863898424128,1.1472677595628415
Ghaziabad,icon,temperature,1464,-0.6400956284153005,0.9678278688524591,1.2782410857205473,0.9678278688524591
Goa,icon,temperature,1464,-0.6003415300546449,0.9521174863387979,1.197604051630118,0.9521174863387979
Guwahati,icon,temperature,1464,-1.023224043715847,1.2326502732240436,1.4827330399500656,1.2326502732240436
Hyderabad,icon,temperature,1464,-0.5005464480874318,0.871311475409836,1.1199019277904882,0.871311475409836
Imphal,icon,temperature,1464,-0.2978825136612022,0.764549180327869,1.0203228622202871,0.764549180327869
Indore,icon,temperature,1464,-0.2873633879781421,0.7426912568306011,0.9759155712385126,0.7426912568306011
Jabalpur,icon,temperature,1464,-0.007923497267759552,0.733879781420765,0.987234089535498,0.733879781420765
Jaipur,icon,temperature,1464,0.10061475409836054,0.7140027322404371,0.9784320287953975,0.7140027322404371
Jodhpur,icon,temperature,1464,-0.02062841530054661,0.6995901639344263,0.9774716464799023,0.6995901639344263
Kanpur,icon,temperature,1464,-0.027117486338797767,0.7890027322404373,1.0883731028139945,0.7890027322404373
Kochi,icon,temperature,1464,-0.023565573770491812,0.5276639344262296,0.6715073574783385,0.5276639344262296
Kolkata,icon,temperature,1464,-0.3193989071038251,0.7352459016393443,1.0760367982819319,0.7352459016393443
Kota,icon,temperature,1464,-0.32274590163934425,0.8563524590163935,1.1673934114295748,0.8563524590163935
Lucknow,icon,temperature,1464,-0.3047814207650273,0.8319672131147541,1.1273730284848893,0.8319672131147541
Ludhiana,icon,temperature,1464,-0.18838797814207647,0.889071038251366,1.1735239537160524,0.889071038251366
Madurai,icon,temperature,1464,0.7509562841530054,1.1971311475409836,1.5152187888691442,1.1971311475409836
Mumbai,icon,temperature,1464,-0.6032786885245901,0.708743169398907,0.8721166388127158,0.708743169398907
Nagpur,icon,temperature,1464,-0.014685792349726858,0.6409153005464482,0.8833500874790132,0.6409153005464482
Nashik,icon,temperature,1464,-0.1491120218579235,0.5887295081967213,0.7369492942496668,0.5887295081967213
Patna,icon,temperature,1464,-0.2904371584699454,0.8005464480874317,1.079712317483037,0.8005464480874317
Pune,icon,temperature,1464,-0.33510928961748637,0.5877049180327869,0.7146018035975826,0.5877049180327869
Raipur,icon,temperature,1464,0.022950819672131213,0.7658469945355192,1.0732846270726057,0.7658469945355192
Ranchi,icon,temperature,1464,-0.18114754098360658,0.7174863387978143,0.9683445961178289,0.7174863387978143
Shillong,icon,temperature,1464,1.435655737704918,1.5437158469945356,1.9183397307057921,1.5437158469945356
Shimla,icon,temperature,1464,-0.7712431693989072,1.1100409836065572,1.3323963579373852,1.1100409836065572
Srinagar,icon,temperature,1464,0.2605874316939891,1.089412568306011,1.4357624923455234,1.089412568306011
Surat,icon,temperature,1464,0.14125683060109295,0.5811475409836067,0.7850985807022995,0.5811475409836067
Thane,icon,temperature,1464,-1.2258196721311474,1.2780054644808743,1.4452768373609333,1.2780054644808743
Thiruvananthapuram,icon,temperature,1464,-0.5448770491803279,0.6951502732240438,0.8619578362515244,0.6951502732240438
Vadodara,icon,temperature,1464,-0.13244535519125678,0.594467213114754,0.7795148764603218,0.594467213114754
Varanasi,icon,temperature,1464,-0.020491803278688516,0.6961748633879781,0.9370559057451179,0.6961748633879781
Vijayawada,icon,temperature,1464,-0.4832650273224044,1.0163251366120218,1.3322681879374603,1.0163251366120218
Visakhapatnam,icon,temperature,1464,-0.6761612021857925,1.1279371584699454,1.4113392275780285,1.1279371584699454
Agartala,gem,temperature,1464,0.1782103825136612,1.0256147540983607,1.410206259378064,1.0256147540983607
Agra,gem,temperature,1464,1.164412568306011,1.6011612021857924,2.0026229385183276,1.6011612021857924
Ahmedabad,gem,temperature,1464,0.823224043715847,1.1144808743169399,1.4398030375316082,1.1144808743169399
Amritsar,gem,temperature,1464,0.305464480874317,1.4131147540983608,1.8176126779362358,1.4131147540983608
Bengaluru,gem,temperature,1464,0.4173497267759562,1.083606557377049,1.4118836002115924,1.083606557377049
Bhopal,gem,temperature,1464,0.3969945355191257,0.8786885245901639,1.1832390480409032,0.8786885245901639
Bhubaneswar,gem,temperature,1464,0.5056010928961749,1.2577868852459018,1.6199321985406834,1.2577868852459018
Chandigarh,gem,temperature,1464,0.49385245901639346,1.273087431693989,1.633449031254088,1.273087431693989
Chennai,gem,temperature,1464,0.9414617486338798,1.3384562841530054,1.740852360164615,1.3384562841530054
Coimbatore,gem,temperature,1464,-0.2939207650273224,0.785587431693989,1.06591183161971,0.785587431693989
Dehradun,gem,temperature,1464,-0.4989071038251366,1.0621584699453552,1.3503743662265468,1.0621584699453552
Delhi,gem,temperature,1464,0.41290983606557374,1.2335382513661204,1.633438576959493,1.2335382513661204
Ghaziabad,gem,temperature,1464,0.5098360655737706,1.2736338797814206,1.6605639637170342,1.2736338797814206
Goa,gem,temperature,1464,0.6743169398907104,0.9359289617486339,1.3039819218298299,0.9359289617486339
Guwahati,gem,temperature,1464,-0.15184426229508197,1.021243169398907,1.3892222732846473,1.021243169398907
Hyderabad,gem,temperature,1464,-0.034699453551912555,1.1995901639344262,1.5670096125049968,1.1995901639344262
Imphal,gem,temperature,1464,0.34125683060109285,1.082103825136612,1.373778642854387,1.082103825136612
Indore,gem,temperature,1464,0.5489071038251365,0.9135245901639343,1.212717221824317,0.9135245901639343
Jabalpur,gem,temperature,1464,0.7046448087431695,1.0793715846994536,1.419136387889372,1.0793715846994536
Jaipur,gem,temperature,1464,0.7659153005464481,1.4018442622950822,1.774864344850882,1.4018442622950822
Jodhpur,gem,temperature,1464,-0.2601775956284154,1.2417349726775957,1.631254252763336,1.2417349726775957
Kanpur,gem,temperature,1464,0.9788251366120219,1.5005464480874318,1.8787967024615324,1.5005464480874318
Kochi,gem,temperature,1464,0.31775956284153006,0.7468579234972677,0.9518173586108868,0.7468579234972677
Kolkata,gem,temperature,1464,0.535382513661202,1.149863387978142,1.5102835111835808,1.149863387978142
Kota,gem,temperature,1464,0.4041666666666667,1.198428961748634,1.54053828148518,1.198428961748634
Lucknow,gem,temperature,1464,0.7401639344262296,1.2479508196721312,1.6169905596339627,1.2479508196721312
Ludhiana,gem,temperature,1464,0.5920081967213116,1.5012978142076503,1.9068237401386328,1.5012978142076503
Madurai,gem,temperature,1464,2.038866120218579,2.3474726775956283,2.8600233576943697,2.3474726775956283
Mumbai,gem,temperature,1464,0.03408469945355195,0.7141393442622951,0.8998292187692171,0.7141393442622951
Nagpur,gem,temperature,1464,0.7717896174863387,1.1246584699453552,1.4557897411686218,1.1246584699453552
Nashik,gem,temperature,1464,0.38558743169398907,0.6532103825136611,0.9860467795019262,0.6532103825136611
Patna,gem,temperature,1464,1.1986338797814207,1.626639344262295,1.9965680937562498,1.626639344262295
Pune,gem,temperature,1464,0.866051912568306,0.9313524590163934,1.199797911034356,0.9313524590163934
Raipur,gem,temperature,1464,0.8342896174863389,1.182103825136612,1.520749024536401,1.182103825136612
Ranchi,gem,temperature,1464,0.419672131147541,0.9448087431693989,1.2758582239615313,0.9448087431693989
Shillong,gem,temperature,1464,0.7757513661202184,1.0864071038251366,1.3519895277183582,1.0864071038251366
Shimla,gem,temperature,1464,-0.47650273224043715,1.1702185792349726,1.4531950854183868,1.1702185792349726
Srinagar,gem,temperature,1464,-1.0703551912568305,1.7834699453551912,2.2802340259532032,1.7834699453551912
Surat,gem,temperature,1464,0.260792349726776,0.7300546448087432,0.985010609912068,0.7300546448087432
Thane,gem,temperature,1464,-0.20730874316939896,0.8674180327868853,1.0924511218136548,0.8674180327868853
Thiruvananthapuram,gem,temperature,1464,-0.8901639344262295,1.1030054644808742,1.281824391440498,1.1030054644808742
Vadodara,gem,temperature,1464,0.4879098360655738,0.9510245901639344,1.2475741488306822,0.9510245901639344
Varanasi,gem,temperature,1464,1.3194672131147542,1.5656420765027321,1.9083455627546195,1.5656420765027321
Vijayawada,gem,temperature,1464,0.3935792349726777,1.6081967213114754,2.0014543892207857,1.6081967213114754
Visakhapatnam,gem,temperature,1464,0.07916666666666668,1.1168715846994535,1.4452555695108689,1.1168715846994535
Agartala,equal_avg,temperature,1464,-0.17117486338797813,0.5487704918032786,0.7899876140344663,0.5487704918032786
Agra,equal_avg,temperature,1464,-0.18744877049180328,0.6572916666666666,0.933735383130779,0.6572916666666666
Ahmedabad,equal_avg,temperature,1464,0.06483948087431701,0.4894637978142077,0.6626130819048742,0.4894637978142077
Amritsar,equal_avg,temperature,1464,-0.4307718579234973,0.8497950819672131,1.1013408525507749,0.8497950819672131
Bengaluru,equal_avg,temperature,1464,-0.26174863387978137,0.5668032786885246,0.8545752388162285,0.5668032786885246
Bhopal,equal_avg,temperature,1464,0.23234289617486345,0.5234631147540985,0.7395145912022919,0.5234631147540985
Bhubaneswar,equal_avg,temperature,1464,-0.15879439890710373,0.6124829234972679,0.8923784089313098,0.6124829234972679
Chandigarh,equal_avg,temperature,1464,-0.48476775956284157,0.7455601092896175,0.9946415519873935,0.7455601092896175
Chennai,equal_avg,temperature,1464,-0.39622609289617483,0.7677083333333333,1.021019903214214,0.7677083333333333
Coimbatore,equal_avg,temperature,1464,-0.40138319672131145,0.5405908469945355,0.7497480792753318,0.5405908469945355
Dehradun,equal_avg,temperature,1464,-0.3364924863387978,0.6349897540983607,0.8459893628463542,0.6349897540983607
Delhi,equal_avg,temperature,1464,-0.9617998633879782,1.0803107923497268,1.3416660833077507,1.0803107923497268
Ghaziabad,equal_avg,temperature,1464,-0.6225922131147541,0.8629610655737705,1.1188483525165338,0.8629610655737705
Goa,equal_avg,temperature,1464,0.06461748633879766,0.6331284153005463,0.820672434370449,0.6331284153005463
Guwahati,equal_avg,temperature,1464,-0.4754952185792349,0.6998121584699453,0.9373130505767112,0.6998121584699453
Hyderabad,equal_avg,temperature,1464,-0.2642930327868853,0.6541495901639345,0.8589002352258603,0.6541495901639345
Imphal,equal_avg,temperature,1464,0.40951161202185793,0.6789105191256832,0.833810740981403,0.6789105191256832
Indore,equal_avg,temperature,1464,0.25541325136612025,0.48970286885245906,0.6945364579296344,0.48970286885245906
Jabalpur,equal_avg,temperature,1464,0.331045081967213,0.5969603825136611,0.8132573183482547,0.5969603825136611
Jaipur,equal_avg,temperature,1464,-0.14721653005464494,0.625495218579235,0.8655325538510705,0.625495218579235
Jodhpur,equal_avg,temperature,1464,-0.5732411202185793,0.7886782786885247,1.0212749267914574,0.7886782786885247
Kanpur,equal_avg,temperature,1464,0.06349043715847004,0.6305327868852459,0.8505096310528537,0.6305327868852459
Kochi,equal_avg,temperature,1464,0.3509562841530055,0.540198087431694,0.6609038406697466,0.540198087431694
Kolkata,equal_avg,temperature,1464,-0.11926229508196713,0.5911885245901639,0.8441365993490958,0.5911885245901639
Kota,equal_avg,temperature,1464,-0.2300717213114755,0.6513831967213115,0.9190611578590654,0.6513831967213115
Lucknow,equal_avg,temperature,1464,-0.33664617486338805,0.6963797814207651,0.9468585714728387,0.6963797814207651
Ludhiana,equal_avg,temperature,1464,0.029883879781420722,0.8818647540983606,1.1148961884090203,0.8818647540983606
Madurai,equal_avg,temperature,1464,1.0958162568306011,1.3142588797814208,1.5299113837778693,1.3142588797814208
Mumbai,equal_avg,temperature,1464,-0.5046106557377049,0.604474043715847,0.7424822448246029,0.604474043715847
Nagpur,equal_avg,temperature,1464,0.34535519125683045,0.5806010928961749,0.7807767692420017,0.5806010928961749
Nashik,equal_avg,temperature,1464,0.09670423497267756,0.3557206284153006,0.48722363260560225,0.3557206284153006
Patna,equal_avg,temperature,1464,-0.5783811475409837,0.7741461748633881,1.0476452746921066,0.7741461748633881
Pune,equal_avg,temperature,1464,0.03983948087431689,0.3461919398907104,0.46960236711149705,0.3461919398907104
Raipur,equal_avg,temperature,1464,0.34670423497267755,0.6300034153005464,0.8502899999508364,0.6300034153005464
Ranchi,equal_avg,temperature,1464,-0.07341188524590163,0.5248463114754099,0.7494832577773334,0.5248463114754099
Shillong,equal_avg,temperature,1464,0.9594262295081967,1.0448087431693989,1.2310486194914938,1.0448087431693989
Shimla,equal_avg,temperature,1464,-0.18884904371584693,0.6526810109289617,0.8690078292169968,0.6526810109289617
Srinagar,equal_avg,temperature,1464,0.18982240437158474,0.9392076502732241,1.2233312906654972,0.9392076502732241
Surat,equal_avg,temperature,1464,0.13466530054644812,0.49474043715847,0.6659270572881202,0.49474043715847
Thane,equal_avg,temperature,1464,-0.8105362021857924,0.8681181693989072,1.0104869771604823,0.8681181693989072
Thiruvananthapuram,equal_avg,temperature,1464,-0.5939036885245901,0.660160519125683,0.8091442365189306,0.660160519125683
Vadodara,equal_avg,temperature,1464,-0.2277834699453551,0.5019296448087431,0.663666940611109,0.5019296448087431
Varanasi,equal_avg,temperature,1464,0.0750170765027323,0.6090334699453552,0.79187596097388,0.6090334699453552
Vijayawada,equal_avg,temperature,1464,0.11441256830601089,0.7488046448087433,0.9638376908288527,0.7488046448087433
Visakhapatnam,equal_avg,temperature,1464,-0.3763490437158471,0.7446892076502731,0.9713930321009141,0.7446892076502731
Agartala,weighted_blend,temperature,1464,-0.1747437920631384,0.47037384724609077,0.6786916034878395,0.47037384724609077
Agra,weighted_blend,temperature,1464,-0.11799953336756035,0.4638412489161424,0.6725821858099392,0.4638412489161424
Ahmedabad,weighted_blend,temperature,1464,0.18787693620984455,0.46460092709416195,0.624127360237854,0.46460092709416195
Amritsar,weighted_blend,temperature,1464,-0.16338001514771622,0.5375759825647642,0.7136445567268017,0.5375759825647642
Bengaluru,weighted_blend,temperature,1464,-0.21272213295196055,0.4960754451630852,0.748809109465392,0.4960754451630852
Bhopal,weighted_blend,temperature,1464,0.18619301212736336,0.4082004263568568,0.589451122714952,0.4082004263568568
Bhubaneswar,weighted_blend,temperature,1464,-0.11931963014136161,0.4626157092405073,0.6904582768971302,0.4626157092405073
Chandigarh,weighted_blend,temperature,1464,-0.32183058555977617,0.5191014704969134,0.709791416131527,0.5191014704969134
Chennai,weighted_blend,temperature,1464,-0.2811466559409936,0.6263888547034498,0.8476306942455658,0.6263888547034498
Coimbatore,weighted_blend,temperature,1464,-0.2274151918074345,0.39748443279396234,0.5713947132696919,0.39748443279396234
Dehradun,weighted_blend,temperature,1464,-0.22688358990434002,0.5189359919691185,0.7049436240741455,0.5189359919691185
Delhi,weighted_blend,temperature,1464,-0.2887478784464977,0.5438921571295706,0.7440142035043174,0.5438921571295706
Ghaziabad,weighted_blend,temperature,1464,-0.2110630284536431,0.5213399344864499,0.7185856266489816,0.5213399344864499
Goa,weighted_blend,temperature,1464,0.09241692950565347,0.6267892593709341,0.8081646550108639,0.6267892593709341
Guwahati,weighted_blend,temperature,1464,-0.4461957107851397,0.6717692041057581,0.9049926589366337,0.6717692041057581
Hyderabad,weighted_blend,temperature,1464,-0.163249254485214,0.49761400939676403,0.6490974394395292,0.49761400939676403
Imphal,weighted_blend,temperature,1464,0.14734389498999723,0.4039428159625482,0.5282164348428131,0.4039428159625482
Indore,weighted_blend,temperature,1464,0.18440746697307578,0.3857303683735372,0.5622274532901131,0.3857303683735372
Jabalpur,weighted_blend,temperature,1464,0.17363359074822476,0.4417961905127795,0.628192441144332,0.4417961905127795
Jaipur,weighted_blend,temperature,1464,0.1148222983455755,0.4944142740511892,0.6953071138388779,0.4944142740511892
Jodhpur,weighted_blend,temperature,1464,-0.2616053500065717,0.4353002373408958,0.6039562670612477,0.4353002373408958
Kanpur,weighted_blend,temperature,1464,0.04420524109832715,0.4252468122447718,0.6121070955550912,0.4252468122447718
Kochi,weighted_blend,temperature,1464,0.2759337234579834,0.46026201020656565,0.5822501213098624,0.46026201020656565
Kolkata,weighted_blend,temperature,1464,-0.06706107564683972,0.5009987829401483,0.7226832924427404,0.5009987829401483
Kota,weighted_blend,temperature,1464,-0.2066530847970452,0.5105771118787295,0.7321981635125623,0.5105771118787295
Lucknow,weighted_blend,temperature,1464,-0.10290414142239952,0.45655726879802017,0.6378643988033299,0.45655726879802017
Ludhiana,weighted_blend,temperature,1464,0.1554467282089547,0.7133307888120792,0.9216090563315551,0.7133307888120792
Madurai,weighted_blend,temperature,1464,0.941117916996588,1.1439795786426938,1.3405880143818776,1.1439795786426938
Mumbai,weighted_blend,temperature,1464,-0.25098484200818316,0.4448067133340985,0.5696596755008121,0.4448067133340985
Nagpur,weighted_blend,temperature,1464,0.2202570679838002,0.4483151206978478,0.6207298548574314,0.4483151206978478
Nashik,weighted_blend,temperature,1464,0.07671746797184634,0.30689619482450076,0.4194458297175182,0.30689619482450076
Patna,weighted_blend,temperature,1464,-0.22961597134037307,0.5021732683538497,0.7165506874155998,0.5021732683538497
Pune,weighted_blend,temperature,1464,0.009915401768813526,0.310915118821985,0.41896405649738727,0.310915118821985
Raipur,weighted_blend,temperature,1464,0.22557457956243926,0.464220358726414,0.6578602701777282,0.464220358726414
Ranchi,weighted_blend,temperature,1464,-0.11782081676324561,0.4722390097442301,0.6784066458236333,0.4722390097442301
Shillong,weighted_blend,temperature,1464,0.8186335934416908,0.9076410138306514,1.0747378743950746,0.9076410138306514
Shimla,weighted_blend,temperature,1464,-0.11941268645678128,0.5994861864647999,0.8128901918545313,0.5994861864647999
Srinagar,weighted_blend,temperature,1464,0.2791651970518372,0.7941761591604373,1.047021152976584,0.7941761591604373
Surat,weighted_blend,temperature,1464,0.13041693081200506,0.43879650384804947,0.5942355451062074,0.43879650384804947
Thane,weighted_blend,temperature,1464,-0.4637512929962561,0.5582081970025294,0.6664836265969645,0.5582081970025294
Thiruvananthapuram,weighted_blend,temperature,1464,-0.5831683396432663,0.6318438631787271,0.7698944845067832,0.6318438631787271
Vadodara,weighted_blend,temperature,1464,-0.003917600266527978,0.3496820334103251,0.4787375778851728,0.3496820334103251
Varanasi,weighted_blend,temperature,1464,0.04501179023500846,0.44177663777538506,0.6143048861476401,0.44177663777538506
Vijayawada,weighted_blend,temperature,1464,0.1608156427333875,0.6133869143125393,0.7965551133627741,0.6133869143125393
Visakhapatnam,weighted_blend,temperature,1464,-0.21828002284078077,0.5325670451943365,0.7252200226685758,0.5325670451943365
Agartala,ecmwf,rainfall,1464,-0.0016393442622950837,0.28237704918032785,0.7067396085666487,0.28237704918032785
Agra,ecmwf,rainfall,1464,-0.005191256830601091,0.2174863387978142,0.5368777374021322,0.2174863387978142
Ahmedabad,ecmwf,rainfall,1464,-0.024863387978142082,0.230327868852459,1.0901508894408305,0.230327868852459
Amritsar,ecmwf,rainfall,1464,-0.006352459016393441,0.18244535519125685,0.6562176351634064,0.18244535519125685
Bengaluru,ecmwf,rainfall,1464,0.012431693989071037,0.12472677595628415,0.4059496052063767,0.12472677595628415
Bhopal,ecmwf,rainfall,1464,-0.006762295081967215,0.19733606557377048,0.517369080084346,0.19733606557377048
Bhubaneswar,ecmwf,rainfall,1464,0.02841530054644808,0.5519125683060109,1.2575944162753723,0.5519125683060109
Chandigarh,ecmwf,rainfall,1464,-0.00628415300546448,0.13360655737704918,0.41096647384300194,0.13360655737704918
Chennai,ecmwf,rainfall,1464,-0.011270491803278685,0.15703551912568306,0.5240330674086369,0.15703551912568306
Coimbatore,ecmwf,rainfall,1464,0.006830601092896174,0.10136612021857924,0.3373595639815715,0.10136612021857924
Dehradun,ecmwf,rainfall,1464,-0.01345628415300546,0.3358606557377049,0.8374964317679471,0.3358606557377049
Delhi,ecmwf,rainfall,1464,0.016188524590163934,0.2515710382513661,0.7198920304595168,0.2515710382513661
Ghaziabad,ecmwf,rainfall,1464,-0.01427595628415301,0.2217896174863388,0.5612912026815049,0.2217896174863388
Goa,ecmwf,rainfall,1464,0.028688524590163935,0.5202185792349727,0.9456327571924578,0.5202185792349727
Guwahati,ecmwf,rainfall,1464,0.05116120218579236,0.4672814207650273,1.0218213407729437,0.4672814207650273
Hyderabad,ecmwf,rainfall,1464,0.0007513661202185793,0.10580601092896175,0.31002159276112057,0.10580601092896175
Imphal,ecmwf,rainfall,1464,0.013114754098360656,0.2157103825136612,0.5443575448287843,0.2157103825136612
Indore,ecmwf,rainfall,1464,-0.006898907103825136,0.21495901639344261,0.5885810017562708,0.21495901639344261
Jabalpur,ecmwf,rainfall,1464,0.0010928961748633873,0.348224043715847,0.7946886526463108,0.348224043715847
Jaipur,ecmwf,rainfall,1464,0.0014344262295081962,0.13668032786885245,0.4419977622770544,0.13668032786885245
Jodhpur,ecmwf,rainfall,1464,0.0006147540983606576,0.07780054644808744,0.32596012026013244,0.07780054644808744
Kanpur,ecmwf,rainfall,1464,-0.005191256830601093,0.30669398907103823,0.7350513903449796,0.30669398907103823
Kochi,ecmwf,rainfall,1464,0.019330601092896176,0.24228142076502732,0.6028223691463095,0.24228142076502732
Kolkata,ecmwf,rainfall,1464,-0.12636612021857924,0.5020491803278688,1.076582581432938,0.5020491803278688
Kota,ecmwf,rainfall,1464,-0.01400273224043716,0.2077185792349727,0.5719239412155424,0.2077185792349727
Lucknow,ecmwf,rainfall,1464,-0.025204918032786884,0.31154371584699453,0.7551417555917904,0.31154371584699453
Ludhiana,ecmwf,rainfall,1464,0.005532786885245901,0.1288934426229508,0.433036363142033,0.1288934426229508
Madurai,ecmwf,rainfall,1464,-0.025478142076502733,0.13545081967213116,0.6246474415456356,0.13545081967213116
Mumbai,ecmwf,rainfall,1464,-0.0342896174863388,0.3596994535519126,0.6928301820808515,0.3596994535519126
Nagpur,ecmwf,rainfall,1464,-0.0006147540983606555,0.24801912568306012,0.6232023327467442,0.24801912568306012
Nashik,ecmwf,rainfall,1464,-0.040095628415300545,0.1444672131147541,0.36463358357839726,0.1444672131147541
Patna,ecmwf,rainfall,1464,-0.024795081967213112,0.3155054644808743,0.7862244635622992,0.3155054644808743
Pune,ecmwf,rainfall,1464,-0.01987704918032787,0.11236338797814208,0.2853552095694335,0.11236338797814208
Raipur,ecmwf,rainfall,1464,0.03572404371584699,0.27930327868852456,0.7025665283629418,0.27930327868852456
Ranchi,ecmwf,rainfall,1464,-0.011065573770491804,0.32486338797814207,0.7587107989891354,0.32486338797814207
Shillong,ecmwf,rainfall,1464,-0.04112021857923497,0.17732240437158472,0.4297349545330715,0.17732240437158472
Shimla,ecmwf,rainfall,1464,0.016051912568306008,0.2182377049180328,0.49171413126454466,0.2182377049180328
Srinagar,ecmwf,rainfall,1464,0.02882513661202186,0.10860655737704918,0.3613877320775774,0.10860655737704918
Surat,ecmwf,rainfall,1464,-0.002868852459016394,0.26133879781420766,0.7671001388025033,0.26133879781420766
Thane,ecmwf,rainfall,1464,-0.009904371584699456,0.22807377049180327,0.4432169410464824,0.22807377049180327
Thiruvananthapuram,ecmwf,rainfall,1464,-0.01980874316939891,0.1326502732240437,0.3767309776328418,0.1326502732240437
Vadodara,ecmwf,rainfall,1464,0.00969945355191257,0.18046448087431693,0.5590536500252523,0.18046448087431693
Varanasi,ecmwf,rainfall,1464,0.01038251366120219,0.3087431693989071,0.7460460437892233,0.3087431693989071
Vijayawada,ecmwf,rainfall,1464,-0.003620218579234975,0.12288251366120219,0.45817558139645337,0.12288251366120219
Visakhapatnam,ecmwf,rainfall,1464,-0.01345628415300546,0.23695355191256828,0.6287347429951524,0.23695355191256828
Agartala,gfs,rainfall,1464,0.16188524590163936,0.45792349726775955,1.0298880516381885,0.45792349726775955
Agra,gfs,rainfall,1464,0.08101092896174864,0.3711748633879781,0.897103718622999,0.3711748633879781
Ahmedabad,gfs,rainfall,1464,0.02062841530054645,0.44590163934426225,2.0380398812037632,0.44590163934426225
Amritsar,gfs,rainfall,1464,0.09938524590163934,0.2799863387978142,1.0931261882271315,0.2799863387978142
Bengaluru,gfs,rainfall,1464,0.13709016393442625,0.20266393442622951,0.6044179334296478,0.20266393442622951
Bhopal,gfs,rainfall,1464,-0.08203551912568306,0.5049863387978142,1.5843087303317698,0.5049863387978142
Bhubaneswar,gfs,rainfall,1464,0.46092896174863385,0.9375683060109289,2.111932660584028,0.9375683060109289
Chandigarh,gfs,rainfall,1464,0.0439207650273224,0.23189890710382513,0.6889397492829663,0.23189890710382513
Chennai,gfs,rainfall,1464,0.11933060109289617,0.1734289617486339,0.6684385605944778,0.1734289617486339
Coimbatore,gfs,rainfall,1464,0.11209016393442622,0.20457650273224043,0.6493428792736454,0.20457650273224043
Dehradun,gfs,rainfall,1464,0.014207650273224046,0.6706284153005464,1.3828328807040582,0.6706284153005464
Delhi,gfs,rainfall,1464,0.1560792349726776,0.38148907103825136,1.1636367759950212,0.38148907103825136
Ghaziabad,gfs,rainfall,1464,0.10307377049180329,0.34542349726775956,0.9050065664103779,0.34542349726775956
Goa,gfs,rainfall,1464,0.12349726775956282,0.5558743169398906,1.0037566051610178,0.5558743169398906
Guwahati,gfs,rainfall,1464,-0.09658469945355191,0.8801912568306011,1.8618363048961926,0.8801912568306011
Hyderabad,gfs,rainfall,1464,0.05204918032786886,0.19781420765027324,0.5249902419077527,0.19781420765027324
Imphal,gfs,rainfall,1464,-0.07739071038251366,0.47725409836065574,1.0955292904480045,0.47725409836065574
Indore,gfs,rainfall,1464,0.06331967213114754,0.3690573770491803,0.9314518017677531,0.3690573770491803
Jabalpur,gfs,rainfall,1464,0.14829234972677596,0.5966530054644809,1.159007843082983,0.5966530054644809
Jaipur,gfs,rainfall,1464,0.001775956284153005,0.2796448087431694,0.934340303785879,0.2796448087431694
Jodhpur,gfs,rainfall,1464,0.07868852459016394,0.14631147540983605,0.5786502100351909,0.14631147540983605
Kanpur,gfs,rainfall,1464,0.08784153005464482,0.5995901639344262,1.5545807510307754,0.5995901639344262
Kochi,gfs,rainfall,1464,0.1230191256830601,0.4096311475409836,0.995800608786225,0.4096311475409836
Kolkata,gfs,rainfall,1464,0.2922131147540984,0.628551912568306,1.3951173638860614,0.628551912568306
Kota,gfs,rainfall,1464,-0.012363387978142073,0.3776639344262295,0.921120575578517,0.3776639344262295
Lucknow,gfs,rainfall,1464,0.13367486338797813,0.4931010928961749,1.0528746753375793,0.4931010928961749
Ludhiana,gfs,rainfall,1464,0.07759562841530054,0.19344262295081965,0.6311690082219585,0.19344262295081965
Madurai,gfs,rainfall,1464,-0.024180327868852457,0.19863387978142077,0.7808150428542864,0.19863387978142077
Mumbai,gfs,rainfall,1464,0.1532103825136612,0.5317622950819673,1.136379905497051,0.5317622950819673
Nagpur,gfs,rainfall,1464,-0.1765710382513661,0.5544398907103826,1.1410287995101067,0.5544398907103826
Nashik,gfs,rainfall,1464,0.09330601092896175,0.30368852459016393,1.0406886118744867,0.30368852459016393
Patna,gfs,rainfall,1464,0.18066939890710382,0.4273907103825137,1.0414857766435506,0.4273907103825137
Pune,gfs,rainfall,1464,0.13203551912568307,0.16509562841530054,0.44250744799387803,0.16509562841530054
Raipur,gfs,rainfall,1464,0.07472677595628416,0.5997267759562842,1.448255970190096,0.5997267759562842
Ranchi,gfs,rainfall,1464,0.019330601092896176,0.5088114754098361,1.0485320209259723,0.5088114754098361
Shillong,gfs,rainfall,1464,-0.18729508196721312,0.43606557377049177,0.8704860146144475,0.43606557377049177
Shimla,gfs,rainfall,1464,-0.05737704918032787,0.3476775956284153,0.9226358060475937,0.3476775956284153
Srinagar,gfs,rainfall,1464,-0.029576502732240436,0.2728825136612022,0.6822645913995505,0.2728825136612022
Surat,gfs,rainfall,1464,-0.0866120218579235,0.6739071038251366,2.6817766926998594,0.6739071038251366
Thane,gfs,rainfall,1464,0.1348360655737705,0.5091530054644808,1.1634988217427302,0.5091530054644808
Thiruvananthapuram,gfs,rainfall,1464,0.10355191256830601,0.19316939890710383,0.5162257946269746,0.19316939890710383
Vadodara,gfs,rainfall,1464,0.008128415300546454,0.376844262295082,1.2005036511370728,0.376844262295082
Varanasi,gfs,rainfall,1464,0.03169398907103826,0.553551912568306,1.2711274630509737,0.553551912568306
Vijayawada,gfs,rainfall,1464,0.027937158469945354,0.21345628415300547,0.7504506842612623,0.21345628415300547
Visakhapatnam,gfs,rainfall,1464,0.22452185792349727,0.3228825136612022,0.9262379104024336,0.3228825136612022
Agartala,icon,rainfall,1464,0.11584699453551912,0.47650273224043715,1.0273114680850284,0.47650273224043715
Agra,icon,rainfall,1464,-0.23476775956284152,0.5566256830601093,1.1309209700227325,0.5566256830601093
Ahmedabad,icon,rainfall,1464,-0.1491120218579235,0.5351775956284153,2.7247436837391703,0.5351775956284153
Amritsar,icon,rainfall,1464,-0.014890710382513665,0.32991803278688525,1.087673106629582,0.32991803278688525
Bengaluru,icon,rainfall,1464,0.056967213114754105,0.21065573770491802,0.6258873482325679,0.21065573770491802
Bhopal,icon,rainfall,1464,-0.11789617486338798,0.5407103825136612,1.4529224365248743,0.5407103825136612
Bhubaneswar,icon,rainfall,1464,0.2014344262295082,0.955532786885246,2.0099020583483678,0.955532786885246
Chandigarh,icon,rainfall,1464,-0.03674863387978142,0.2668032786885246,0.7267714367746406,0.2668032786885246
Chennai,icon,rainfall,1464,-0.01099726775956284,0.24815573770491803,0.8262719950694599,0.24815573770491803
Coimbatore,icon,rainfall,1464,0.12718579234972677,0.18060109289617485,0.6173050897007831,0.18060109289617485
Dehradun,icon,rainfall,1464,-0.02513661202185792,0.6497267759562841,1.4847310293478064,0.6497267759562841
Delhi,icon,rainfall,1464,-0.06680327868852459,0.49357923497267764,1.1727087880796938,0.49357923497267764
Ghaziabad,icon,rainfall,1464,-0.1364071038251366,0.45744535519125684,1.012419463166778,0.45744535519125684
Goa,icon,rainfall,1464,0.2805327868852459,0.5586748633879781,1.0521478162893294,0.5586748633879781
Guwahati,icon,rainfall,1464,-0.011475409836065566,0.7793715846994536,1.4963388836238964,0.7793715846994536
Hyderabad,icon,rainfall,1464,0.04637978142076503,0.2078551912568306,0.5555052345151849,0.2078551912568306
Imphal,icon,rainfall,1464,0.08353825136612021,0.3898224043715847,1.055201143646041,0.3898224043715847
Indore,icon,rainfall,1464,0.057991803278688525,0.3772540983606557,1.0131815657846828,0.3772540983606557
Jabalpur,icon,rainfall,1464,-0.04706284153005464,0.7260245901639345,1.6229926651888573,0.7260245901639345
Jaipur,icon,rainfall,1464,-0.13203551912568307,0.34159836065573773,0.8936440716392384,0.34159836065573773
Jodhpur,icon,rainfall,1464,-0.07008196721311476,0.22486338797814207,0.7381208602739694,0.22486338797814207
Kanpur,icon,rainfall,1464,-0.2545081967213115,0.7545081967213114,1.593154755980326,0.7545081967213114
Kochi,icon,rainfall,1464,0.04562841530054645,0.3907103825136612,0.9172973488621387,0.3907103825136612
Kolkata,icon,rainfall,1464,-0.13674863387978142,0.8407103825136611,2.1625981136338988,0.8407103825136611
Kota,icon,rainfall,1464,-0.1610655737704918,0.435655737704918,0.9268976989195168,0.435655737704918
Lucknow,icon,rainfall,1464,-0.2512295081967213,0.7080601092896174,2.1005821467372456,0.7080601092896174
Ludhiana,icon,rainfall,1464,-0.015368852459016391,0.24146174863387979,0.7227707388817055,0.24146174863387979
Madurai,icon,rainfall,1464,-0.04924863387978143,0.20703551912568308,0.9736732601269991,0.20703551912568308
Mumbai,icon,rainfall,1464,0.13258196721311474,0.4783469945355191,1.012399222536421,0.4783469945355191
Nagpur,icon,rainfall,1464,-0.15525956284153006,0.5223360655737705,1.1090074575870112,0.5223360655737705
Nashik,icon,rainfall,1464,0.12465846994535519,0.29528688524590163,0.9610267448784058,0.29528688524590163
Patna,icon,rainfall,1464,-0.21434426229508197,0.630464480874317,1.212345421389889,0.630464480874317
Pune,icon,rainfall,1464,0.11058743169398907,0.15826502732240438,0.40169551854294605,0.15826502732240438
Raipur,icon,rainfall,1464,-0.1801912568306011,0.6420765027322405,1.2691860908997283,0.6420765027322405
Ranchi,icon,rainfall,1464,-0.01284153005464481,0.4924863387978142,1.0264533878248194,0.4924863387978142
Shillong,icon,rainfall,1464,-0.2548497267759563,0.5265710382513661,1.782579254286947,0.5265710382513661
Shimla,icon,rainfall,1464,-0.014959016393442624,0.34159836065573773,0.809923932203688,0.34159836065573773
Srinagar,icon,rainfall,1464,-0.09282786885245901,0.2735655737704918,0.7324215021629288,0.2735655737704918
Surat,icon,rainfall,1464,0.1551912568306011,0.45314207650273225,1.3067082072130005,0.45314207650273225
Thane,icon,rainfall,1464,0.20252732240437157,0.4344945355191257,0.919584278846501,0.4344945355191257
Thiruvananthapuram,icon,rainfall,1464,0.07581967213114754,0.1989071038251366,0.61425462405211,0.1989071038251366
Vadodara,icon,rainfall,1464,-0.17219945355191257,0.476844262295082,1.880775258708624,0.476844262295082
Varanasi,icon,rainfall,1464,-0.31413934426229506,0.7409153005464482,1.3803881017581288,0.7409153005464482
Vijayawada,icon,rainfall,1464,-0.012158469945355192,0.22076502732240436,0.7338423469410403,0.22076502732240436
Visakhapatnam,icon,rainfall,1464,0.16243169398907104,0.325,0.8976289349826201,0.325
Agartala,gem,rainfall,1464,-0.08012295081967213,0.7179644808743169,1.783441215265031,0.7179644808743169
Agra,gem,rainfall,1464,-0.0698087431693989,0.5684426229508197,2.045176251974226,0.5684426229508197
Ahmedabad,gem,rainfall,1464,-0.006010928961748635,0.4810109289617487,1.8657430872870902,0.4810109289617487
Amritsar,gem,rainfall,1464,-0.18954918032786885,0.5226092896174863,2.749007520856714,0.5226092896174863
Bengaluru,gem,rainfall,1464,0.12096994535519125,0.21099726775956282,0.6514118756163332,0.21099726775956282
Bhopal,gem,rainfall,1464,0.06816939890710383,0.510655737704918,1.4009023243625416,0.510655737704918
Bhubaneswar,gem,rainfall,1464,0.3997950819672131,1.1854508196721312,2.6805933300470803,1.1854508196721312
Chandigarh,gem,rainfall,1464,-0.053756830601092896,0.3155054644808743,1.2674923610207287,0.3155054644808743
Chennai,gem,rainfall,1464,0.04084699453551913,0.2075136612021858,0.6551811162434149,0.2075136612021858
Coimbatore,gem,rainfall,1464,0.13777322404371584,0.17848360655737705,0.6106242886242926,0.17848360655737705
Dehradun,gem,rainfall,1464,-0.2735655737704918,0.8526639344262295,1.96779570722044,0.8526639344262295
Delhi,gem,rainfall,1464,0.08135245901639344,0.4794398907103825,1.3926058641612045,0.4794398907103825
Ghaziabad,gem,rainfall,1464,0.001639344262295081,0.4781420765027322,1.6394512943201722,0.4781420765027322
Goa,gem,rainfall,1464,0.10525956284153005,0.771243169398907,1.2947851479048456,0.771243169398907
Guwahati,gem,rainfall,1464,0.16598360655737704,0.8120218579234972,1.7137303127095154,0.8120218579234972
Hyderabad,gem,rainfall,1464,-0.009084699453551908,0.25621584699453553,0.8028509650807848,0.25621584699453553
Imphal,gem,rainfall,1464,0.0022540983606557357,0.4562158469945355,1.1893051422202274,0.4562158469945355
Indore,gem,rainfall,1464,0.019193989071038253,0.43654371584699453,1.1549400902305964,0.43654371584699453
Jabalpur,gem,rainfall,1464,-0.09385245901639344,0.8668032786885246,2.0343364004421525,0.8668032786885246
Jaipur,gem,rainfall,1464,-0.05102459016393443,0.3402322404371585,1.1820059129048708,0.3402322404371585
Jodhpur,gem,rainfall,1464,-0.0031420765027322358,0.20956284153005464,1.0161469602418456,0.20956284153005464
Kanpur,gem,rainfall,1464,-0.005737704918032783,0.744535519125683,1.7671331480229582,0.744535519125683
Kochi,gem,rainfall,1464,0.17732240437158472,0.4476775956284153,1.1263728720963302,0.4476775956284153
Kolkata,gem,rainfall,1464,0.05894808743169399,0.8220628415300546,2.022133334882672,0.8220628415300546
Kota,gem,rainfall,1464,-0.09576502732240437,0.4715846994535519,1.3854089372807104,0.4715846994535519
Lucknow,gem,rainfall,1464,-0.08230874316939892,0.6823087431693989,1.6687357375416378,0.6823087431693989
Ludhiana,gem,rainfall,1464,-0.06509562841530055,0.29993169398907105,0.9355056199870326,0.29993169398907105
Madurai,gem,rainfall,1464,0.02185792349726776,0.151775956284153,0.7164061033506295,0.151775956284153
Mumbai,gem,rainfall,1464,0.16188524590163936,0.6086065573770492,1.1817429472785623,0.6086065573770492
Nagpur,gem,rainfall,1464,-0.06851092896174864,0.5742486338797814,2.0522129199604167,0.5742486338797814
Nashik,gem,rainfall,1464,-0.04091530054644809,0.3577185792349727,0.9089002842864318,0.3577185792349727
Patna,gem,rainfall,1464,-0.0869535519125683,0.6738387978142076,1.8098338691382094,0.6738387978142076
Pune,gem,rainfall,1464,-0.04337431693989071,0.26536885245901637,0.5019293377650779,0.26536885245901637
Raipur,gem,rainfall,1464,0.08715846994535519,0.6666666666666666,1.7830141177966863,0.6666666666666666
Ranchi,gem,rainfall,1464,-0.35560109289617486,0.9413934426229509,2.473783301976269,0.9413934426229509
Shillong,gem,rainfall,1464,-0.056215846994535516,0.3790300546448087,0.8548199887197035,0.3790300546448087
Shimla,gem,rainfall,1464,-0.1769808743169399,0.48189890710382516,1.0213666778930977,0.48189890710382516
Srinagar,gem,rainfall,1464,-0.01557377049180328,0.2256830601092896,0.6088262468940575,0.2256830601092896
Surat,gem,rainfall,1464,0.27021857923497267,0.5371584699453552,1.6171637453377974,0.5371584699453552
Thane,gem,rainfall,1464,0.11885245901639344,0.6207650273224044,1.1981429163866186,0.6207650273224044
Thiruvananthapuram,gem,rainfall,1464,-0.05307377049180328,0.27452185792349726,0.7819645639253563,0.27452185792349726
Vadodara,gem,rainfall,1464,0.0015027322404371562,0.37445355191256835,1.171858082755851,0.37445355191256835
Varanasi,gem,rainfall,1464,-0.06072404371584699,0.6788934426229508,1.644295902930322,0.6788934426229508
Vijayawada,gem,rainfall,1464,-0.008401639344262295,0.260724043715847,0.8005249302391689,0.260724043715847
Visakhapatnam,gem,rainfall,1464,0.166051912568306,0.3478825136612022,1.1084529907880105,0.3478825136612022
Agartala,equal_avg,rainfall,1464,0.04899248633879781,0.40145150273224045,0.8672128605433636,0.40145150273224045
Agra,equal_avg,rainfall,1464,-0.05718920765027322,0.3688012295081967,0.8553434683041029,0.3688012295081967
Ahmedabad,equal_avg,rainfall,1464,-0.03983948087431694,0.34445013661202184,1.4092824771527659,0.34445013661202184
Amritsar,equal_avg,rainfall,1464,-0.027851775956284158,0.2978995901639344,1.0690797952475566,0.2978995901639344
Bengaluru,equal_avg,rainfall,1464,0.08186475409836065,0.16147540983606556,0.48912699637132584,0.16147540983606556
Bhopal,equal_avg,rainfall,1464,-0.034631147540983606,0.3551912568306011,0.8749107097298559,0.3551912568306011
Bhubaneswar,equal_avg,rainfall,1464,0.2726434426229508,0.7375,1.7173572971474438,0.7375
Chandigarh,equal_avg,rainfall,1464,-0.013217213114754097,0.19962431693989072,0.5560982094731424,0.19962431693989072
Chennai,equal_avg,rainfall,1464,0.034477459016393444,0.16815232240437158,0.5644006293008462,0.16815232240437158
Coimbatore,equal_avg,rainfall,1464,0.09596994535519125,0.1528688524590164,0.5122633733356331,0.1528688524590164
Dehradun,equal_avg,rainfall,1464,-0.07448770491803279,0.5336407103825137,1.091256623237432,0.5336407103825137
Delhi,equal_avg,rainfall,1464,0.046704234972677595,0.34506489071038254,0.9097469980218874,0.34506489071038254
Ghaziabad,equal_avg,rainfall,1464,-0.011492486338797814,0.3154883879781421,0.7589361194922438,0.3154883879781421
Goa,equal_avg,rainfall,1464,0.13449453551912569,0.5111680327868853,0.9549156508682974,0.5111680327868853
Guwahati,equal_avg,rainfall,1464,0.02727117486338798,0.6097165300546448,1.166927968883616,0.6097165300546448
Hyderabad,equal_avg,rainfall,1464,0.02252390710382514,0.15824795081967213,0.38556995548638184,0.15824795081967213
Imphal,equal_avg,rainfall,1464,0.005379098360655734,0.3207137978142076,0.7741162001879579,0.3207137978142076
Indore,equal_avg,rainfall,1464,0.033401639344262296,0.29255464480874316,0.7462903475101934,0.29255464480874316
Jabalpur,equal_avg,rainfall,1464,0.002117486338797815,0.5224726775956284,1.0545378296452932,0.5224726775956284
Jaipur,equal_avg,rainfall,1464,-0.04496243169398907,0.23208674863387976,0.6491387079495953,0.23208674863387976
Jodhpur,equal_avg,rainfall,1464,0.0015198087431693992,0.13434084699453552,0.4903034321734786,0.13434084699453552
Kanpur,equal_avg,rainfall,1464,-0.04439890710382512,0.5143101092896175,1.0544831756645352,0.5143101092896175
Kochi,equal_avg,rainfall,1464,0.09132513661202185,0.31485655737704915,0.7784516824170422,0.31485655737704915
Kolkata,equal_avg,rainfall,1464,0.022011612021857925,0.5708504098360656,1.273184747914616,0.5708504098360656
Kota,equal_avg,rainfall,1464,-0.07079918032786886,0.3148224043715847,0.6986514869899183,0.3148224043715847
Lucknow,equal_avg,rainfall,1464,-0.05626707650273224,0.46419057377049183,1.0215089907433017,0.46419057377049183
Ludhiana,equal_avg,rainfall,1464,0.000665983606557377,0.18823428961748634,0.5409719957045948,0.18823428961748634
Madurai,equal_avg,rainfall,1464,-0.019262295081967213,0.15280054644808744,0.6071086744751312,0.15280054644808744
Mumbai,equal_avg,rainfall,1464,0.10334699453551911,0.41454918032786886,0.8614044281275864,0.41454918032786886
Nagpur,equal_avg,rainfall,1464,-0.10023907103825136,0.3893784153005464,0.8446573496106964,0.3893784153005464
Nashik,equal_avg,rainfall,1464,0.034238387978142076,0.20930669398907104,0.5852791269307022,0.20930669398907104
Patna,equal_avg,rainfall,1464,-0.036355874316939894,0.4259733606557377,0.9097831307214677,0.4259733606557377
Pune,equal_avg,rainfall,1464,0.044842896174863395,0.14033469945355193,0.32839104164015837,0.14033469945355193
Raipur,equal_avg,rainfall,1464,0.00435450819672131,0.446089480874317,0.9342934689925783,0.446089480874317
Ranchi,equal_avg,rainfall,1464,-0.09004439890710383,0.4793203551912568,0.9771455568172279,0.4793203551912568
Shillong,equal_avg,rainfall,1464,-0.13487021857923498,0.320594262295082,0.6810784300422768,0.320594262295082
Shimla,equal_avg,rainfall,1464,-0.05831625683060109,0.29567964480874315,0.58924900975038,0.29567964480874315
Srinagar,equal_avg,rainfall,1464,-0.02728825136612022,0.19661885245901642,0.4724803751670886,0.19661885245901642
Surat,equal_avg,rainfall,1464,0.08398224043715848,0.4002390710382514,1.2229822654416127,0.4002390710382514
Thane,equal_avg,rainfall,1464,0.11157786885245902,0.36301229508196725,0.7364909277187478,0.36301229508196725
Thiruvananthapuram,equal_avg,rainfall,1464,0.02662226775956284,0.16378073770491805,0.42623725002164103,0.16378073770491805
Vadodara,equal_avg,rainfall,1464,-0.038217213114754095,0.26813524590163934,0.8384384270187282,0.26813524590163934
Varanasi,equal_avg,rainfall,1464,-0.0831967213114754,0.4883538251366121,0.9799836726363761,0.4883538251366121
Vijayawada,equal_avg,rainfall,1464,0.0009392076502732231,0.1823941256830601,0.5767276995956361,0.1823941256830601
Visakhapatnam,equal_avg,rainfall,1464,0.1348872950819672,0.2574624316939891,0.7439323661712525,0.2574624316939891
Agartala,weighted_blend,rainfall,1464,0.05344279623154852,0.3547406372116507,0.7709273562785406,0.3547406372116507
Agra,weighted_blend,rainfall,1464,-0.0293619387072483,0.30547714214983895,0.690677923376223,0.30547714214983895
Ahmedabad,weighted_blend,rainfall,1464,-0.03368914647291757,0.3070461380481379,1.2581391840703233,0.3070461380481379
Amritsar,weighted_blend,rainfall,1464,-0.007028296707354489,0.255187505441742,0.8606531785030316,0.255187505441742
Bengaluru,weighted_blend,rainfall,1464,0.07181252294934966,0.15081763930496192,0.464539781012973,0.15081763930496192
Bhopal,weighted_blend,rainfall,1464,-0.02821139990289752,0.29791757214744213,0.720932088195736,0.29791757214744213
Bhubaneswar,weighted_blend,rainfall,1464,0.23005699729984383,0.6712420689197438,1.5822497871298695,0.6712420689197438
Chandigarh,weighted_blend,rainfall,1464,-0.009840985495972813,0.17872947650627832,0.4921443979802823,0.17872947650627832
Chennai,weighted_blend,rainfall,1464,0.037012151217805385,0.16174630564439368,0.5487271226562279,0.16174630564439368
Coimbatore,weighted_blend,rainfall,1464,0.08069900148844993,0.13959156912210982,0.46590498066990665,0.13959156912210982
Dehradun,weighted_blend,rainfall,1464,-0.05571129481423668,0.4674320142802076,0.9723313857621443,0.4674320142802076
Delhi,weighted_blend,rainfall,1464,0.04820974320896666,0.3166146715423386,0.8560307503557193,0.3166146715423386
Ghaziabad,weighted_blend,rainfall,1464,-0.0031846228884567195,0.28273123065332717,0.6801135743123927,0.28273123065332717
Goa,weighted_blend,rainfall,1464,0.13384643762932147,0.5009537852513907,0.9410656570553827,0.5009537852513907
Guwahati,weighted_blend,rainfall,1464,0.035352832786843306,0.5731305686785932,1.1078140568222508,0.5731305686785932
Hyderabad,weighted_blend,rainfall,1464,0.018935773509250155,0.13582260019295356,0.33738596025972084,0.13582260019295356
Imphal,weighted_blend,rainfall,1464,0.011178864496936027,0.28593197804445775,0.6973759595062882,0.28593197804445775
Indore,weighted_blend,rainfall,1464,0.028502828648803092,0.2688250003710597,0.6925925837797623,0.2688250003710597
Jabalpur,weighted_blend,rainfall,1464,0.012252954615964564,0.45534111765912255,0.9363934591399693,0.45534111765912255
Jaipur,weighted_blend,rainfall,1464,-0.03085825794373903,0.19882435910691462,0.5617455188485996,0.19882435910691462
Jodhpur,weighted_blend,rainfall,1464,0.008099442387913514,0.11129272914948055,0.4139678339213906,0.11129272914948055
Kanpur,weighted_blend,rainfall,1464,-0.028357647878758812,0.4421065251024827,0.9247002918716994,0.4421065251024827
Kochi,weighted_blend,rainfall,1464,0.07858905589380578,0.2944032836642108,0.7242048454679904,0.2944032836642108
Kolkata,weighted_blend,rainfall,1464,0.0205013705488104,0.543248854689461,1.2004721237007745,0.543248854689461
Kota,weighted_blend,rainfall,1464,-0.05532080729070686,0.2779700812433539,0.6218609282158056,0.2779700812433539
Lucknow,weighted_blend,rainfall,1464,-0.0349548987307648,0.4139354980845016,0.8996955162665077,0.4139354980845016
Ludhiana,weighted_blend,rainfall,1464,0.005776430252425469,0.17118605869840992,0.5010867308936605,0.17118605869840992
Madurai,weighted_blend,rainfall,1464,-0.01753003601024887,0.1488944340957303,0.5964235447135646,0.1488944340957303
Mumbai,weighted_blend,rainfall,1464,0.08807776433521598,0.3987100684675399,0.8281504534010483,0.3987100684675399
Nagpur,weighted_blend,rainfall,1464,-0.07366679808622262,0.33393075309428966,0.7087843603910534,0.33393075309428966
Nashik,weighted_blend,rainfall,1464,0.0183003589151053,0.17819759607776525,0.49274537458963624,0.17819759607776525
Patna,weighted_blend,rainfall,1464,-0.012557960085325098,0.3886294771103584,0.8496816049688524,0.3886294771103584
Pune,weighted_blend,rainfall,1464,0.045644668455900296,0.1252417994291163,0.3041935306011125,0.1252417994291163
Raipur,weighted_blend,rainfall,1464,0.01200468552622574,0.392052642418673,0.8406054872083126,0.392052642418673
Ranchi,weighted_blend,rainfall,1464,-0.05400029368249192,0.41620481090236994,0.8347421997422374,0.41620481090236994
Shillong,weighted_blend,rainfall,1464,-0.10146741990853457,0.2630368800297616,0.5296285525654874,0.2630368800297616
Shimla,weighted_blend,rainfall,1464,-0.03870807772269144,0.2706245902221786,0.5478724699699262,0.2706245902221786
Srinagar,weighted_blend,rainfall,1464,-0.012417185074670727,0.1697671989255225,0.423336366925132,0.1697671989255225
Surat,weighted_blend,rainfall,1464,0.07574674680306603,0.34289590838962514,1.0244332455323504,0.34289590838962514
Thane,weighted_blend,rainfall,1464,0.08459561263724132,0.3106070649719648,0.6218407449815955,0.3106070649719648
Thiruvananthapuram,weighted_blend,rainfall,1464,0.02700799514835227,0.14859198480304994,0.3927170267346966,0.14859198480304994
Vadodara,weighted_blend,rainfall,1464,-0.019402672823590997,0.2309571961527579,0.6933578310953137,0.2309571961527579
Varanasi,weighted_blend,rainfall,1464,-0.05443527711263074,0.437060444541578,0.9020794557882386,0.437060444541578
Vijayawada,weighted_blend,rainfall,1464,0.0005711990531710273,0.1674232356236775,0.5384942246697405,0.1674232356236775
Visakhapatnam,weighted_blend,rainfall,1464,0.12523592390397634,0.25168399570674077,0.7262020528787332,0.25168399570674077
Agartala,ecmwf,wind_speed,1464,0.04446721311475411,1.1443306010928962,1.619364966946878,1.1443306010928962
Agra,ecmwf,wind_speed,1464,-0.017827868852459024,1.4079918032786887,1.9748192834246359,1.4079918032786887
Ahmedabad,ecmwf,wind_speed,1464,-0.7183743169398907,1.3508879781420766,1.8076662036518625,1.3508879781420766
Amritsar,ecmwf,wind_speed,1464,0.04228142076502732,1.4813524590163933,2.1090570368530703,1.4813524590163933
Bengaluru,ecmwf,wind_speed,1464,-0.3930327868852459,1.4777322404371585,1.9228529293677512,1.4777322404371585
Bhopal,ecmwf,wind_speed,1464,0.06051912568306011,1.0377049180327869,1.5142627920142158,1.0377049180327869
Bhubaneswar,ecmwf,wind_speed,1464,0.14993169398907102,1.5159153005464483,2.0341634738268617,1.5159153005464483
Chandigarh,ecmwf,wind_speed,1464,-0.47704918032786886,1.5651639344262296,2.1316089769470135,1.5651639344262296
Chennai,ecmwf,wind_speed,1464,-0.9354508196721312,2.172609289617486,2.87216122620051,2.172609289617486
Coimbatore,ecmwf,wind_speed,1464,-0.6699453551912569,1.018032786885246,1.4022620289425967,1.018032786885246
Dehradun,ecmwf,wind_speed,1464,0.36359289617486334,1.3454234972677597,1.8414308258359307,1.3454234972677597
Delhi,ecmwf,wind_speed,1464,-0.4263661202185793,1.3756830601092895,1.86423778356228,1.3756830601092895
Ghaziabad,ecmwf,wind_speed,1464,-0.053756830601092896,1.412226775956284,1.9584533738351644,1.412226775956284
Goa,ecmwf,wind_speed,1464,-2.635792349726776,4.037295081967214,5.257326399826906,4.037295081967214
Guwahati,ecmwf,wind_speed,1464,-0.8081284153005464,2.149658469945355,2.8176902624846023,2.149658469945355
Hyderabad,ecmwf,wind_speed,1464,-1.2558060109289617,1.7473360655737704,2.1513767989702646,1.7473360655737704
Imphal,ecmwf,wind_speed,1464,-0.20457650273224043,1.4637295081967214,1.8853493972542001,1.4637295081967214
Indore,ecmwf,wind_speed,1464,-0.7006147540983607,1.2974726775956285,1.7306995805891228,1.2974726775956285
Jabalpur,ecmwf,wind_speed,1464,0.02479508196721311,1.2991120218579235,1.7825869179982723,1.2991120218579235
Jaipur,ecmwf,wind_speed,1464,-0.6834699453551912,1.4637978142076502,1.9233075733896343,1.4637978142076502
Jodhpur,ecmwf,wind_speed,1464,-0.17595628415300543,0.8240437158469947,1.342124366147806,0.8240437158469947
Kanpur,ecmwf,wind_speed,1464,-0.1380464480874317,1.2114071038251366,1.7269619396453433,1.2114071038251366
Kochi,ecmwf,wind_speed,1464,-1.3490437158469946,2.26775956284153,3.267949591948922,2.26775956284153
Kolkata,ecmwf,wind_speed,1464,-0.4552595628415301,1.3742486338797815,1.9139354500880705,1.3742486338797815
Kota,ecmwf,wind_speed,1464,-0.7308060109289617,1.6980191256830601,2.23251402066348,1.6980191256830601
Lucknow,ecmwf,wind_speed,1464,-0.25443989071038253,1.3477459016393443,1.8443033693058166,1.3477459016393443
Ludhiana,ecmwf,wind_speed,1464,0.21974043715846994,1.528483606557377,2.1330456815974244,1.528483606557377
Madurai,ecmwf,wind_speed,1464,1.2645491803278688,2.6790300546448087,3.5536279853022736,2.6790300546448087
Mumbai,ecmwf,wind_speed,1464,2.628142076502732,3.1829234972677596,3.773755358816562,3.1829234972677596
Nagpur,ecmwf,wind_speed,1464,-1.112636612021858,1.814139344262295,2.2795254635116087,1.814139344262295
Nashik,ecmwf,wind_speed,1464,-0.9454234972677595,1.2933743169398908,1.6935408471876008,1.2933743169398908
Patna,ecmwf,wind_speed,1464,-0.4987704918032787,1.5490437158469947,2.0998796478653547,1.5490437158469947
Pune,ecmwf,wind_speed,1464,0.24747267759562838,1.3388661202185792,1.7225620294651776,1.3388661202185792
Raipur,ecmwf,wind_speed,1464,-1.0752049180327867,1.6133196721311476,2.069936708728573,1.6133196721311476
Ranchi,ecmwf,wind_speed,1464,0.24829234972677597,1.6540300546448088,2.234251197896187,1.6540300546448088
Shillong,ecmwf,wind_speed,1464,-0.7412568306010929,1.6545081967213113,2.107283103074367,1.6545081967213113
Shimla,ecmwf,wind_speed,1464,0.8461065573770492,1.7859972677595628,2.320920829599269,1.7859972677595628
Srinagar,ecmwf,wind_speed,1464,0.4396174863387978,1.3796448087431694,1.8216180581358914,1.3796448087431694
Surat,ecmwf,wind_speed,1464,-1.3889344262295082,1.7068306010928962,2.1447674285116256,1.7068306010928962
Thane,ecmwf,wind_speed,1464,-0.15143442622950817,1.005532786885246,1.5117142767880472,1.005532786885246
Thiruvananthapuram,ecmwf,wind_speed,1464,0.1439207650273224,1.1347677595628416,1.5658344202673504,1.1347677595628416
Vadodara,ecmwf,wind_speed,1464,-0.630396174863388,1.3012978142076503,1.7181190471295318,1.3012978142076503
Varanasi,ecmwf,wind_speed,1464,0.029508196721311476,1.3184426229508197,1.820579082797919,1.3184426229508197
Vijayawada,ecmwf,wind_speed,1464,0.539344262295082,1.5349726775956283,2.2116093341715066,1.5349726775956283
Visakhapatnam,ecmwf,wind_speed,1464,0.707308743169399,1.72301912568306,2.345745189018466,1.72301912568306
Agartala,gfs,wind_speed,1464,-1.0575136612021858,2.3804644808743167,3.0833436715230613,2.3804644808743167
Agra,gfs,wind_speed,1464,-3.316325136612022,4.261270491803279,5.33647043153681,4.261270491803279
Ahmedabad,gfs,wind_speed,1464,-6.0778005464480875,6.284084699453552,7.170282002060382,6.284084699453552
Amritsar,gfs,wind_speed,1464,-3.369330601092896,4.231489071038252,5.429373284486441,4.231489071038252
Bengaluru,gfs,wind_speed,1464,-5.853483606557377,5.973838797814208,6.674714234279219,5.973838797814208
Bhopal,gfs,wind_speed,1464,-3.6271174863387983,4.137363387978143,5.072406737367344,4.137363387978143
Bhubaneswar,gfs,wind_speed,1464,-1.3868169398907104,3.2895491803278687,4.202181160151504,3.2895491803278687
Chandigarh,gfs,wind_speed,1464,-3.0044398907103824,4.170560109289617,5.228418430999712,4.170560109289617
Chennai,gfs,wind_speed,1464,-6.454234972677596,6.751639344262295,7.851508678247141,6.751639344262295
Coimbatore,gfs,wind_speed,1464,-3.036133879781421,3.479986338797814,4.0942974803894625,3.479986338797814
Dehradun,gfs,wind_speed,1464,-1.5653005464480874,2.585792349726776,3.1343940769322858,2.585792349726776
Delhi,gfs,wind_speed,1464,-4.116530054644809,4.605054644808743,5.537963860106618,4.605054644808743
Ghaziabad,gfs,wind_speed,1464,-2.1274590163934426,3.3189890710382515,4.251463907313721,3.3189890710382515
Goa,gfs,wind_speed,1464,-2.6545081967213116,3.5640710382513663,4.766905492889708,3.5640710382513663
Guwahati,gfs,wind_speed,1464,-0.26058743169398907,2.393101092896175,3.0672995456479697,2.393101092896175
Hyderabad,gfs,wind_speed,1464,-6.0769808743169405,6.414002732240437,7.356875246188299,6.414002732240437
Imphal,gfs,wind_speed,1464,0.6086748633879782,1.9328551912568306,2.472365021151652,1.9328551912568306
Indore,gfs,wind_speed,1464,-5.532445355191257,5.795560109289618,6.736345732304468,5.795560109289618
Jabalpur,gfs,wind_speed,1464,-2.5671448087431696,3.5241120218579236,4.465914472591558,3.5241120218579236
Jaipur,gfs,wind_speed,1464,-5.245218579234972,5.812568306010929,6.810754714524725,5.812568306010929
Jodhpur,gfs,wind_speed,1464,-7.570150273224044,7.820969945355191,8.925183486809896,7.820969945355191
Kanpur,gfs,wind_speed,1464,-3.9136612021857924,4.506010928961749,5.485859866050659,4.506010928961749
Kochi,gfs,wind_speed,1464,-1.1387978142076502,2.723224043715847,3.604958258248748,2.723224043715847
Kolkata,gfs,wind_speed,1464,-5.532445355191257,5.841734972677595,6.741654930518604,5.841734972677595
Kota,gfs,wind_speed,1464,-4.884494535519125,5.400341530054645,6.497195170376769,5.400341530054645
Lucknow,gfs,wind_speed,1464,-3.73948087431694,4.327732240437158,5.300516780661722,4.327732240437158
Ludhiana,gfs,wind_speed,1464,-3.916120218579235,4.607103825136612,5.685122228597936,4.607103825136612
Madurai,gfs,wind_speed,1464,-4.475887978142076,5.645696721311475,7.080924212623522,5.645696721311475
Mumbai,gfs,wind_speed,1464,-7.2536202185792344,7.3134562841530055,8.00430254860581,7.3134562841530055
Nagpur,gfs,wind_speed,1464,-2.2562841530054643,3.2702185792349727,4.191216746269232,3.2702185792349727
Nashik,gfs,wind_speed,1464,-6.873360655737705,7.075683060109289,8.023878298604714,7.075683060109289
Patna,gfs,wind_speed,1464,-4.552459016393443,4.866530054644809,5.739061822379412,4.866530054644809
Pune,gfs,wind_speed,1464,-1.803620218579235,3.162773224043716,4.110082730875963,3.162773224043716
Raipur,gfs,wind_speed,1464,-4.214002732240437,4.547062841530054,5.5643214768080895,4.547062841530054
Ranchi,gfs,wind_speed,1464,-1.4346994535519126,3.209972677595628,4.082869383702054,3.209972677595628
Shillong,gfs,wind_speed,1464,0.13982240437158472,2.5291666666666663,3.1557335710710275,2.5291666666666663
Shimla,gfs,wind_speed,1464,-0.8913251366120217,2.267964480874317,2.7976998260964114,2.267964480874317
Srinagar,gfs,wind_speed,1464,-1.6879098360655738,2.6850409836065574,3.6625775136802017,2.6850409836065574
Surat,gfs,wind_speed,1464,-8.077732240437157,8.214890710382514,9.294676483286644,8.214890710382514
Thane,gfs,wind_speed,1464,-7.4165300546448085,7.598497267759563,8.503038672537405,7.598497267759563
Thiruvananthapuram,gfs,wind_speed,1464,0.8522540983606558,2.2265710382513664,2.7995620754338795,2.2265710382513664
Vadodara,gfs,wind_speed,1464,-6.11516393442623,6.281693989071038,7.032387992305099,6.281693989071038
Varanasi,gfs,wind_speed,1464,-3.927117486338798,4.3810792349726775,5.398214261504887,4.3810792349726775
Vijayawada,gfs,wind_speed,1464,-1.5227459016393443,4.193510928961749,5.2687908578558265,4.193510928961749
Visakhapatnam,gfs,wind_speed,1464,-3.751502732240437,5.187841530054645,6.837657901194714,5.187841530054645
Agartala,icon,wind_speed,1464,4.541734972677596,4.682718579234972,5.358193638815067,4.682718579234972
Agra,icon,wind_speed,1464,1.7379781420765028,2.618032786885246,3.2105593370673904,2.618032786885246
Ahmedabad,icon,wind_speed,1464,1.567691256830601,2.155669398907104,2.712913109737134,2.155669398907104
Amritsar,icon,wind_speed,1464,0.9487704918032787,2.408743169398907,3.0765661967267226,2.408743169398907
Bengaluru,icon,wind_speed,1464,2.067691256830601,2.4152322404371587,2.9023226519386647,2.4152322404371587
Bhopal,icon,wind_speed,1464,2.174658469945355,2.6529371584699453,3.2177519474981935,2.6529371584699453
Bhubaneswar,icon,wind_speed,1464,3.8905054644808743,4.318647540983607,5.1939507426370435,4.318647540983607
Chandigarh,icon,wind_speed,1464,1.505669398907104,2.7323087431693986,3.583000048041068,2.7323087431693986
Chennai,icon,wind_speed,1464,3.323087431693989,3.848224043715847,4.681742821535003,3.848224043715847
Coimbatore,icon,wind_speed,1464,0.7515710382513661,2.5317622950819674,3.0703222005679707,2.5317622950819674
Dehradun,icon,wind_speed,1464,-0.1331967213114754,1.8994535519125684,2.4224332932217743,1.8994535519125684
Delhi,icon,wind_speed,1464,0.7705601092896174,2.0741120218579234,2.66590878916199,2.0741120218579234
Ghaziabad,icon,wind_speed,1464,1.0917349726775956,2.536680327868852,3.233644216365305,2.536680327868852
Goa,icon,wind_speed,1464,-1.6397540983606558,3.408879781420765,4.484825660177416,3.408879781420765
Guwahati,icon,wind_speed,1464,0.6909836065573771,2.076912568306011,2.734519268247218,2.076912568306011
Hyderabad,icon,wind_speed,1464,2.4954234972677596,2.7630464480874317,3.334243386699393,2.7630464480874317
Imphal,icon,wind_speed,1464,-0.5817622950819672,1.9373633879781422,2.50943166230116,1.9373633879781422
Indore,icon,wind_speed,1464,2.3876366120218577,2.6898224043715846,3.2662613359549324,2.6898224043715846
Jabalpur,icon,wind_speed,1464,3.315846994535519,3.6266393442622946,4.255907177281871,3.6266393442622946
Jaipur,icon,wind_speed,1464,1.798155737704918,2.573975409836066,3.254885986772078,2.573975409836066
Jodhpur,icon,wind_speed,1464,1.5700819672131148,2.457103825136612,3.0899294384218923,2.457103825136612
Kanpur,icon,wind_speed,1464,1.4221994535519125,2.468101092896175,3.0842662153957616,2.468101092896175
Kochi,icon,wind_speed,1464,0.08606557377049182,2.5262295081967214,3.3842733357293944,2.5262295081967214
Kolkata,icon,wind_speed,1464,1.7577185792349728,2.3849043715846996,2.930235028526615,2.3849043715846996
Kota,icon,wind_speed,1464,2.4038251366120216,3.027185792349727,3.6720384148615026,3.027185792349727
Lucknow,icon,wind_speed,1464,1.364139344262295,2.4459699453551913,2.9871960370779864,2.4459699453551913
Ludhiana,icon,wind_speed,1464,1.026912568306011,2.2687158469945357,2.9291846904590484,2.2687158469945357
Madurai,icon,wind_speed,1464,1.661065573770492,4.172131147540983,5.123031409202185,4.172131147540983
Mumbai,icon,wind_speed,1464,2.584289617486339,3.2851092896174863,3.9748440530292055,3.2851092896174863
Nagpur,icon,wind_speed,1464,4.145491803278689,4.318989071038251,4.853262099399175,4.318989071038251
Nashik,icon,wind_speed,1464,1.5560792349726775,2.3097677595628414,2.978838158738451,2.3097677595628414
Patna,icon,wind_speed,1464,1.9519125683060108,2.5989071038251366,3.212900907347931,2.5989071038251366
Pune,icon,wind_speed,1464,1.262909836065574,2.3791666666666664,2.8181387009345227,2.3791666666666664
Raipur,icon,wind_speed,1464,3.4668032786885243,3.779644808743169,4.404096453731514,3.779644808743169
Ranchi,icon,wind_speed,1464,1.7829918032786887,2.780396174863388,3.494360210208519,2.780396174863388
Shillong,icon,wind_speed,1464,-0.5207650273224044,1.96775956284153,2.5016797635477372,1.96775956284153
Shimla,icon,wind_speed,1464,-0.125,1.7617486338797812,2.2017783423524855,1.7617486338797812
Srinagar,icon,wind_speed,1464,-0.16434426229508195,1.9864754098360655,2.629734865814589,1.9864754098360655
Surat,icon,wind_speed,1464,1.9297814207650275,2.5972677595628415,3.300275282440953,2.5972677595628415
Thane,icon,wind_speed,1464,1.827049180327869,2.616120218579235,3.253675937124829,2.616120218579235
Thiruvananthapuram,icon,wind_speed,1464,2.116598360655738,2.65853825136612,3.2610708875051047,2.65853825136612
Vadodara,icon,wind_speed,1464,0.7588797814207651,2.026775956284153,2.579874292697266,2.026775956284153
Varanasi,icon,wind_speed,1464,1.0765027322404372,2.224726775956284,2.7902004550273753,2.224726775956284
Vijayawada,icon,wind_speed,1464,5.376366120218579,5.66311475409836,6.499131930265343,5.66311475409836
Visakhapatnam,icon,wind_speed,1464,2.1152322404371584,3.007308743169399,3.7393884468297958,3.007308743169399
Agartala,gem,wind_speed,1464,2.030601092896175,3.0969945355191255,3.815126637063389,3.0969945355191255
Agra,gem,wind_speed,1464,-1.9334016393442623,3.5948770491803277,4.6994905839499115,3.5948770491803277
Ahmedabad,gem,wind_speed,1464,-2.8030054644808744,3.6129781420765026,4.535703836188766,3.6129781420765026
Amritsar,gem,wind_speed,1464,-2.203551912568306,3.8605191256830604,4.997180899256171,3.8605191256830604
Bengaluru,gem,wind_speed,1464,-3.3583333333333334,4.0412568306010925,5.079862202855507,4.0412568306010925
Bhopal,gem,wind_speed,1464,-3.389890710382514,4.053688524590164,4.83871849990382,4.053688524590164
Bhubaneswar,gem,wind_speed,1464,-1.4633879781420767,4.0972677595628415,5.2011492529932815,4.0972677595628415
Chandigarh,gem,wind_speed,1464,-1.653620218579235,3.419330601092896,4.323775451270043,3.419330601092896
Chennai,gem,wind_speed,1464,-3.6935792349726775,4.941803278688525,6.15113832816662,4.941803278688525
Coimbatore,gem,wind_speed,1464,-6.241325136612021,6.460997267759563,7.132668914718707,6.460997267759563
Dehradun,gem,wind_speed,1464,-0.7079918032786885,2.3365437158469944,2.866593197050647,2.3365437158469944
Delhi,gem,wind_speed,1464,-1.7671448087431694,3.2350409836065577,4.129967616539045,3.2350409836065577
Ghaziabad,gem,wind_speed,1464,-2.077185792349727,3.7606557377049183,4.846694834593172,3.7606557377049183
Goa,gem,wind_speed,1464,-2.162363387978142,3.4844945355191257,4.475633026020628,3.4844945355191257
Guwahati,gem,wind_speed,1464,0.08756830601092895,2.278142076502732,2.9281118144316496,2.278142076502732
Hyderabad,gem,wind_speed,1464,-5.141666666666667,5.697950819672131,6.694494516436704,5.697950819672131
Imphal,gem,wind_speed,1464,-0.5467213114754098,1.9534153005464483,2.5557179009176734,1.9534153005464483
Indore,gem,wind_speed,1464,-3.4668715846994536,4.091734972677596,4.8731876272387895,4.091734972677596
Jabalpur,gem,wind_speed,1464,-2.180327868852459,3.445218579234973,4.334040505558887,3.445218579234973
Jaipur,gem,wind_speed,1464,-1.791530054644809,3.2345628415300545,4.217482480099396,3.2345628415300545
Jodhpur,gem,wind_speed,1464,-2.526844262295082,3.667964480874317,4.459357295209569,3.667964480874317
Kanpur,gem,wind_speed,1464,-3.060655737704918,4.172950819672131,5.341780366725947,4.172950819672131
Kochi,gem,wind_speed,1464,-1.0535519125683062,3.0278688524590165,3.994524941491381,3.0278688524590165
Kolkata,gem,wind_speed,1464,-1.721653005464481,3.1801229508196722,4.037353763275651,3.1801229508196722
Kota,gem,wind_speed,1464,-2.2708333333333335,3.687090163934426,4.7186939299314155,3.687090163934426
Lucknow,gem,wind_speed,1464,-3.410655737704918,4.391256830601093,5.517749551156668,4.391256830601093
Ludhiana,gem,wind_speed,1464,-2.310450819672131,3.800068306010929,4.938279578077454,3.800068306010929
Madurai,gem,wind_speed,1464,0.2506830601092896,4.175683060109289,5.405112940692298,4.175683060109289
Mumbai,gem,wind_speed,1464,-3.0713114754098356,3.8114754098360657,4.771797841988777,3.8114754098360657
Nagpur,gem,wind_speed,1464,-2.4777322404371587,3.9769125683060107,4.966985265022518,3.9769125683060107
Nashik,gem,wind_speed,1464,-3.3509562841530056,4.0418032786885245,4.856520601184224,4.0418032786885245
Patna,gem,wind_speed,1464,-3.114002732240437,4.288183060109289,5.434491269216582,4.288183060109289
Pune,gem,wind_speed,1464,1.8033469945355192,2.5410519125683058,3.089826643765729,2.5410519125683058
Raipur,gem,wind_speed,1464,-2.9525956284153008,4.1797814207650275,5.241385073273934,4.1797814207650275
Ranchi,gem,wind_speed,1464,-0.7637978142076502,3.3916666666666666,4.407107399237656,3.3916666666666666
Shillong,gem,wind_speed,1464,1.3938524590163934,2.3015027322404373,2.892037306367393,2.3015027322404373
Shimla,gem,wind_speed,1464,2.1028005464480874,2.564275956284153,3.6096154601968067,2.564275956284153
Srinagar,gem,wind_speed,1464,-0.09596994535519125,1.9866803278688525,2.7045915724505414,1.9866803278688525
Surat,gem,wind_speed,1464,-8.835177595628414,8.967827868852458,9.68606859687603,8.967827868852458
Thane,gem,wind_speed,1464,-2.3719945355191254,3.2969945355191257,4.234686329117061,3.2969945355191257
Thiruvananthapuram,gem,wind_speed,1464,-1.1793032786885245,2.589549180327869,3.3469942065350566,2.589549180327869
Vadodara,gem,wind_speed,1464,-3.5189890710382516,4.224180327868853,5.032411343921145,4.224180327868853
Varanasi,gem,wind_speed,1464,-2.4701502732240437,4.027800546448088,5.076821727464833,4.027800546448088
Vijayawada,gem,wind_speed,1464,-1.837021857923497,4.142486338797814,5.305504152947191,4.142486338797814
Visakhapatnam,gem,wind_speed,1464,-4.3188524590163935,5.6924863387978135,7.227215942064001,5.6924863387978135
Agartala,equal_avg,wind_speed,1464,1.3898224043715848,1.972814207650273,2.4223975176685095,1.972814207650273
Agra,equal_avg,wind_speed,1464,-0.8823941256830602,2.01234631147541,2.559084338916661,2.01234631147541
Ahmedabad,equal_avg,wind_speed,1464,-2.007872267759563,2.2515198087431694,2.771621333982886,2.2515198087431694
Amritsar,equal_avg,wind_speed,1464,-1.145457650273224,2.098941256830601,2.690115959015674,2.098941256830601
Bengaluru,equal_avg,wind_speed,1464,-1.8842896174863388,2.1566256830601094,2.7229141450396175,2.1566256830601094
Bhopal,equal_avg,wind_speed,1464,-1.1954576502732241,1.8137636612021857,2.2968500124100824,1.8137636612021857
Bhubaneswar,equal_avg,wind_speed,1464,0.2975580601092896,2.1859801912568306,2.755032420370962,2.1859801912568306
Chandigarh,equal_avg,wind_speed,1464,-0.9073599726775956,2.108931010928962,2.610554760541691,2.108931010928962
Chennai,equal_avg,wind_speed,1464,-1.9400443989071037,2.6012465846994535,3.2445195358392622,2.6012465846994535
Coimbatore,equal_avg,wind_speed,1464,-2.2989583333333337,2.479969262295082,2.9548299264298925,2.479969262295082
Dehradun,equal_avg,wind_speed,1464,-0.510724043715847,1.6719603825136613,2.0608189870876537,1.6719603825136613
Delhi,equal_avg,wind_speed,1464,-1.384870218579235,2.0104166666666665,2.542478930497136,2.0104166666666665
Ghaziabad,equal_avg,wind_speed,1464,-0.7916666666666666,1.9851092896174862,2.5633553483815903,1.9851092896174862
Goa,equal_avg,wind_speed,1464,-2.2731045081967216,3.1815744535519124,4.167043203614806,3.1815744535519124
Guwahati,equal_avg,wind_speed,1464,-0.07254098360655739,1.6142076502732239,2.107300930838962,1.6142076502732239
Hyderabad,equal_avg,wind_speed,1464,-2.494757513661202,2.8394296448087433,3.368262539881401,2.8394296448087433
Imphal,equal_avg,wind_speed,1464,-0.18109631147540983,1.3709187158469947,1.7434593079870138,1.3709187158469947
Indore,equal_avg,wind_speed,1464,-1.8280737704918033,2.1830601092896176,2.7008125927583695,2.1830601092896176
Jabalpur,equal_avg,wind_speed,1464,-0.35170765027322404,1.6542349726775958,2.1354784244035097,1.6542349726775958
Jaipur,equal_avg,wind_speed,1464,-1.4805157103825135,2.178125,2.7056595934046315,2.178125
Jodhpur,equal_avg,wind_speed,1464,-2.175717213114754,2.5658811475409835,3.044816095373382,2.5658811475409835
Kanpur,equal_avg,wind_speed,1464,-1.4225409836065572,2.167725409836066,2.7137312747753763,2.167725409836066
Kochi,equal_avg,wind_speed,1464,-0.8638319672131148,1.9285519125683062,2.5888591636328315,1.9285519125683062
Kolkata,equal_avg,wind_speed,1464,-1.4879098360655738,2.0875341530054645,2.6347567830847174,2.0875341530054645
Kota,equal_avg,wind_speed,1464,-1.3705771857923497,2.1167862021857924,2.6684932002348165,2.1167862021857924
Lucknow,equal_avg,wind_speed,1464,-1.5101092896174864,2.1875341530054646,2.7445177906155873,2.1875341530054646
Ludhiana,equal_avg,wind_speed,1464,-1.2449795081967214,2.089275956284153,2.6609692487693604,2.089275956284153
Madurai,equal_avg,wind_speed,1464,-0.3248975409836065,2.6977117486338797,3.6173209837843774,2.6977117486338797
Mumbai,equal_avg,wind_speed,1464,-1.278125,1.9787739071038253,2.645963568715037,1.9787739071038253
Nagpur,equal_avg,wind_speed,1464,-0.42529030054644806,1.7266222677595628,2.20297909401365,1.7266222677595628
Nashik,equal_avg,wind_speed,1464,-2.403415300546448,2.681830601092896,3.1122337597632086,2.681830601092896
Patna,equal_avg,wind_speed,1464,-1.5533299180327869,2.082155054644809,2.6535116470052187,2.082155054644809
Pune,equal_avg,wind_speed,1464,0.3775273224043716,1.5034153005464481,1.8808941964241572,1.5034153005464481
Raipur,equal_avg,wind_speed,1464,-1.19375,1.9501024590163933,2.5098315900983748,1.9501024590163933
Ranchi,equal_avg,wind_speed,1464,-0.04180327868852457,2.008640710382514,2.610724093755571,2.008640710382514
Shillong,equal_avg,wind_speed,1464,0.06791325136612024,1.434443306010929,1.7823695671512976,1.434443306010929
Shimla,equal_avg,wind_speed,1464,0.48314549180327865,1.7427766393442625,2.268540885529053,1.7427766393442625
Srinagar,equal_avg,wind_speed,1464,-0.37715163934426227,1.5001707650273224,1.966609068805541,1.5001707650273224
Surat,equal_avg,wind_speed,1464,-4.093015710382514,4.163917349726776,4.5971254698324815,4.163917349726776
Thane,equal_avg,wind_speed,1464,-2.028227459016393,2.3193476775956285,2.9460200095820674,2.3193476775956285
Thiruvananthapuram,equal_avg,wind_speed,1464,0.4833674863387978,1.5196379781420766,1.951785209869283,1.5196379781420766
Vadodara,equal_avg,wind_speed,1464,-2.376417349726776,2.6157957650273223,3.105285972879254,2.6157957650273223
Varanasi,equal_avg,wind_speed,1464,-1.3228142076502731,2.086851092896175,2.5949001252140835,2.086851092896175
Vijayawada,equal_avg,wind_speed,1464,0.6389856557377048,2.1948258196721313,2.830347213996183,2.1948258196721313
Visakhapatnam,equal_avg,wind_speed,1464,-1.3119535519125682,2.5543715846994535,3.3026620844800783,2.5543715846994535
Agartala,weighted_blend,wind_speed,1464,0.6350206205897929,1.3911965579455534,1.7738762409794133,1.3911965579455534
Agra,weighted_blend,wind_speed,1464,-0.3647971717060198,1.6060166123515691,2.083032358985318,1.6060166123515691
Ahmedabad,weighted_blend,wind_speed,1464,-0.9069147131205102,1.3872629482297596,1.8446238963801513,1.3872629482297596
Amritsar,weighted_blend,wind_speed,1464,-0.6004131425755322,1.6738382915253998,2.193720285034181,1.6738382915253998
Bengaluru,weighted_blend,wind_speed,1464,-0.7244407213916352,1.3852838632868765,1.869664479363796,1.3852838632868765
Bhopal,weighted_blend,wind_speed,1464,-0.40231897698826274,1.237840224338541,1.6204448881571603,1.237840224338541
Bhubaneswar,weighted_blend,wind_speed,1464,0.1408366456259581,1.8437881368567788,2.3460895926542875,1.8437881368567788
Chandigarh,weighted_blend,wind_speed,1464,-0.6518367812229081,1.7842745937765376,2.242790830961981,1.7842745937765376
Chennai,weighted_blend,wind_speed,1464,-1.2236156291737403,2.121316418863444,2.6882884933421036,2.121316418863444
Coimbatore,weighted_blend,wind_speed,1464,-1.1729405160601993,1.4315034388623824,1.803245066278579,1.4315034388623824
Dehradun,weighted_blend,wind_speed,1464,-0.3541457013080681,1.5437679108423745,1.9152135426832857,1.5437679108423745
Delhi,weighted_blend,wind_speed,1464,-0.8137998694920006,1.5558506789079283,2.014057153739309,1.5558506789079283
Ghaziabad,weighted_blend,wind_speed,1464,-0.49302274546205344,1.680606486579762,2.1992635763980712,1.680606486579762
Goa,weighted_blend,wind_speed,1464,-2.255764302459295,3.1697437325545046,4.1525335016133615,3.1697437325545046
Guwahati,weighted_blend,wind_speed,1464,-0.06056852846647421,1.6037965188386016,2.0952234439667037,1.6037965188386016
Hyderabad,weighted_blend,wind_speed,1464,-1.2301279984081783,1.7129921901182432,2.1334872555436495,1.7129921901182432
Imphal,weighted_blend,wind_speed,1464,-0.17872199597507132,1.3419719827245329,1.7024685804082587,1.3419719827245329
Indore,weighted_blend,wind_speed,1464,-0.9488362067467285,1.4208645868672962,1.8496553444745636,1.4208645868672962
Jabalpur,weighted_blend,wind_speed,1464,-0.17900528233404409,1.3988500932463308,1.8317961695714706,1.3988500932463308
Jaipur,weighted_blend,wind_speed,1464,-0.718914348650109,1.6179853971244251,2.0631139233220974,1.6179853971244251
Jodhpur,weighted_blend,wind_speed,1464,-0.5899179781692213,1.19786837667784,1.571955173889345,1.19786837667784
Kanpur,weighted_blend,wind_speed,1464,-0.645185516598049,1.5435041461444596,1.9773170444132366,1.5435041461444596
Kochi,weighted_blend,wind_speed,1464,-0.8673333174264666,1.888661083373476,2.5428550556425358,1.888661083373476
Kolkata,weighted_blend,wind_speed,1464,-0.670534055318436,1.4981093980526574,1.9802683608277445,1.4981093980526574
Kota,weighted_blend,wind_speed,1464,-0.831913920207479,1.6814566142001863,2.1718564399065396,1.6814566142001863
Lucknow,weighted_blend,wind_speed,1464,-0.737395020221873,1.5872088649017038,2.029506599555924,1.5872088649017038
Ludhiana,weighted_blend,wind_speed,1464,-0.5136900142970054,1.6285238164469567,2.1289926933147236,1.6285238164469567
Madurai,weighted_blend,wind_speed,1464,0.13090160006253412,2.5863396933290197,3.398251988811283,2.5863396933290197
Mumbai,weighted_blend,wind_speed,1464,-0.23963936167940816,1.8372507006652838,2.402144393148278,1.8372507006652838
Nagpur,weighted_blend,wind_speed,1464,-0.6974549954755885,1.6284383991946154,2.08532544008702,1.6284383991946154
Nashik,weighted_blend,wind_speed,1464,-1.1174105355129866,1.5152969212172271,1.8855277521672484,1.5152969212172271
Patna,weighted_blend,wind_speed,1464,-0.7921679005733647,1.533929145675013,2.028735052067311,1.533929145675013
Pune,weighted_blend,wind_speed,1464,0.45021089303554285,1.3661546592960419,1.6938107856962703,1.3661546592960419
Raipur,weighted_blend,wind_speed,1464,-0.9492808684514527,1.5981622682326881,2.0605410616555044,1.5981622682326881
Ranchi,weighted_blend,wind_speed,1464,0.08229404417152358,1.8584144229904564,2.407873827725739,1.8584144229904564
Shillong,weighted_blend,wind_speed,1464,-0.03301696728001593,1.3814947738821197,1.7141304286639663,1.3814947738821197
Shimla,weighted_blend,wind_speed,1464,0.4152046969529377,1.7031371057063533,2.2012424928667933,1.7031371057063533
Srinagar,weighted_blend,wind_speed,1464,-0.22282815177973753,1.415005287171147,1.8498031818059049,1.415005287171147
Surat,weighted_blend,wind_speed,1464,-1.6609846057678372,1.8518321202398904,2.267386915612303,1.8518321202398904
Thane,weighted_blend,wind_speed,1464,-0.5928764092224799,1.2760669287498643,1.7321584066037696,1.2760669287498643
Thiruvananthapuram,weighted_blend,wind_speed,1464,0.41906999624438346,1.3538097286057211,1.7491704343520216,1.3538097286057211
Vadodara,weighted_blend,wind_speed,1464,-1.1351628107104237,1.5715950464640305,1.9975873319143502,1.5715950464640305
Varanasi,weighted_blend,wind_speed,1464,-0.5460973614015355,1.517915782811761,1.96204254001706,1.517915782811761
Vijayawada,weighted_blend,wind_speed,1464,0.32473100078154316,1.7627323138528836,2.322604251588024,1.7627323138528836
Visakhapatnam,weighted_blend,wind_speed,1464,-0.21920785819391242,1.8201413656371632,2.3663795010468665,1.8201413656371632
